/*
MySQL Backup
Source Server Version: 5.5.5
Source Database: hcmlsyl
Date: 25/5/2021 10:14:08
*/

SET FOREIGN_KEY_CHECKS=0;

-- ----------------------------
--  Table structure for `company_doc`
-- ----------------------------
DROP TABLE IF EXISTS `company_doc`;
CREATE TABLE `company_doc` (
  `id` int(11) NOT NULL AUTO_INCREMENT,
  `created_by` int(11) DEFAULT NULL,
  `created_at` datetime DEFAULT NULL,
  `updated_by` int(11) DEFAULT NULL,
  `updated_at` datetime DEFAULT NULL,
  `deleted_by` int(11) DEFAULT NULL,
  `deleted_at` datetime DEFAULT NULL,
  `deleted` smallint(1) DEFAULT '0',
  `company_id` int(11) DEFAULT NULL,
  `file` varchar(255) DEFAULT NULL,
  PRIMARY KEY (`id`)
) ENGINE=InnoDB AUTO_INCREMENT=8 DEFAULT CHARSET=utf8 ROW_FORMAT=COMPACT;

-- ----------------------------
--  Table structure for `debug_log`
-- ----------------------------
DROP TABLE IF EXISTS `debug_log`;
CREATE TABLE `debug_log` (
  `id` int(11) NOT NULL AUTO_INCREMENT,
  `created_by` int(11) DEFAULT NULL,
  `created_at` datetime DEFAULT NULL,
  `updated_by` int(11) DEFAULT NULL,
  `updated_at` datetime DEFAULT NULL,
  `deleted_by` int(11) DEFAULT NULL,
  `deleted_at` datetime DEFAULT NULL,
  `deleted` smallint(1) DEFAULT '0',
  `code` varchar(255) DEFAULT NULL,
  `data` text,
  PRIMARY KEY (`id`)
) ENGINE=InnoDB AUTO_INCREMENT=19 DEFAULT CHARSET=utf8;

-- ----------------------------
--  Table structure for `email_log`
-- ----------------------------
DROP TABLE IF EXISTS `email_log`;
CREATE TABLE `email_log` (
  `id` int(11) NOT NULL AUTO_INCREMENT,
  `created_by` int(11) DEFAULT NULL,
  `created_at` datetime DEFAULT NULL,
  `updated_by` int(11) DEFAULT NULL,
  `updated_at` datetime DEFAULT NULL,
  `deleted_by` int(11) DEFAULT NULL,
  `deleted_at` datetime DEFAULT NULL,
  `status` smallint(1) DEFAULT '1',
  `deleted` smallint(1) DEFAULT '0',
  `code` varchar(100) DEFAULT NULL,
  `email_response` text,
  `email_message` varchar(255) DEFAULT NULL,
  `send_email` smallint(1) DEFAULT '0',
  `table_name` varchar(20) DEFAULT NULL,
  `table_id` int(11) DEFAULT NULL,
  PRIMARY KEY (`id`)
) ENGINE=InnoDB AUTO_INCREMENT=16 DEFAULT CHARSET=utf8;

-- ----------------------------
--  Table structure for `email_tracking`
-- ----------------------------
DROP TABLE IF EXISTS `email_tracking`;
CREATE TABLE `email_tracking` (
  `id` int(11) NOT NULL AUTO_INCREMENT,
  `created_by` int(11) DEFAULT NULL,
  `created_at` datetime DEFAULT NULL,
  `updated_by` int(11) DEFAULT NULL,
  `updated_at` datetime DEFAULT NULL,
  `deleted_by` int(11) DEFAULT NULL,
  `deleted_at` datetime DEFAULT NULL,
  `status` smallint(1) DEFAULT '1',
  `deleted` smallint(1) DEFAULT '0',
  `email` varchar(255) DEFAULT NULL,
  `table_name` varchar(255) DEFAULT NULL,
  `table_id` varchar(255) DEFAULT NULL,
  `type` varchar(255) DEFAULT NULL,
  `code` varchar(255) DEFAULT NULL,
  `open` smallint(1) DEFAULT '0',
  `open_at` datetime DEFAULT NULL,
  `user_agent` varchar(255) DEFAULT NULL,
  `ip` varchar(100) DEFAULT NULL,
  `remark` varchar(255) DEFAULT NULL,
  PRIMARY KEY (`id`)
) ENGINE=InnoDB DEFAULT CHARSET=utf8;

-- ----------------------------
--  Table structure for `login_log`
-- ----------------------------
DROP TABLE IF EXISTS `login_log`;
CREATE TABLE `login_log` (
  `id` int(11) NOT NULL AUTO_INCREMENT,
  `ip_address` varchar(100) DEFAULT NULL,
  `user_agent` text,
  `is_success` int(1) DEFAULT '0',
  `is_block` int(1) DEFAULT '0',
  `createdate` datetime DEFAULT NULL,
  `session_id` varchar(100) DEFAULT NULL,
  `table_name` varchar(50) DEFAULT NULL,
  `table_id` varchar(50) DEFAULT NULL,
  `deleted` smallint(1) DEFAULT '0',
  `created_by` int(11) DEFAULT NULL,
  `created_at` datetime DEFAULT NULL,
  `updated_by` int(11) DEFAULT NULL,
  `updated_at` datetime DEFAULT NULL,
  `deleted_by` int(11) DEFAULT NULL,
  `deleted_at` datetime DEFAULT NULL,
  PRIMARY KEY (`id`)
) ENGINE=InnoDB AUTO_INCREMENT=761 DEFAULT CHARSET=utf8;

-- ----------------------------
--  Table structure for `master_setting`
-- ----------------------------
DROP TABLE IF EXISTS `master_setting`;
CREATE TABLE `master_setting` (
  `id` int(11) NOT NULL AUTO_INCREMENT,
  `created_by` int(11) DEFAULT NULL,
  `created_at` datetime DEFAULT NULL,
  `updated_by` int(11) DEFAULT NULL,
  `updated_at` datetime DEFAULT NULL,
  `deleted_by` int(11) DEFAULT NULL,
  `deleted_at` datetime DEFAULT NULL,
  `deleted` smallint(1) DEFAULT '0',
  `code` varchar(255) DEFAULT NULL,
  `val_1` varchar(255) DEFAULT NULL,
  `val_2` varchar(255) DEFAULT NULL,
  `val_3` varchar(255) DEFAULT NULL,
  PRIMARY KEY (`id`)
) ENGINE=InnoDB AUTO_INCREMENT=2 DEFAULT CHARSET=utf8;

-- ----------------------------
--  Table structure for `master_type_code`
-- ----------------------------
DROP TABLE IF EXISTS `master_type_code`;
CREATE TABLE `master_type_code` (
  `id` int(11) NOT NULL AUTO_INCREMENT,
  `created_by` int(11) DEFAULT NULL,
  `created_at` datetime DEFAULT NULL,
  `updated_by` int(11) DEFAULT NULL,
  `updated_at` datetime DEFAULT NULL,
  `deleted_by` int(11) DEFAULT NULL,
  `deleted_at` datetime DEFAULT NULL,
  `status` smallint(1) DEFAULT '1',
  `deleted` smallint(1) DEFAULT '0',
  `type_code` varchar(255) DEFAULT NULL,
  `code` varchar(255) DEFAULT NULL,
  `name` varchar(255) DEFAULT NULL,
  `sort` int(11) DEFAULT NULL,
  PRIMARY KEY (`id`)
) ENGINE=InnoDB AUTO_INCREMENT=4 DEFAULT CHARSET=utf8;

-- ----------------------------
--  Table structure for `news`
-- ----------------------------
DROP TABLE IF EXISTS `news`;
CREATE TABLE `news` (
  `id` int(11) NOT NULL AUTO_INCREMENT,
  `created_by` int(11) DEFAULT NULL,
  `created_at` datetime DEFAULT NULL,
  `updated_by` int(11) DEFAULT NULL,
  `updated_at` datetime DEFAULT NULL,
  `deleted_by` int(11) DEFAULT NULL,
  `deleted_at` datetime DEFAULT NULL,
  `sort` int(11) DEFAULT NULL,
  `status` smallint(1) DEFAULT '1',
  `deleted` smallint(1) DEFAULT '0',
  `cover_img` varchar(255) DEFAULT NULL,
  `cover_img2` varchar(255) DEFAULT NULL,
  `single_upload` varchar(255) DEFAULT NULL,
  `multiple_upload` varchar(255) DEFAULT NULL,
  `title` varchar(255) DEFAULT NULL,
  `short_content` text,
  `content` text,
  `date` date DEFAULT NULL,
  `start_date` datetime DEFAULT NULL,
  `end_date` datetime DEFAULT NULL,
  PRIMARY KEY (`id`)
) ENGINE=InnoDB AUTO_INCREMENT=22 DEFAULT CHARSET=utf8;

-- ----------------------------
--  Table structure for `news2`
-- ----------------------------
DROP TABLE IF EXISTS `news2`;
CREATE TABLE `news2` (
  `id` int(11) NOT NULL AUTO_INCREMENT,
  `created_by` int(11) DEFAULT NULL,
  `created_at` datetime DEFAULT NULL,
  `updated_by` int(11) DEFAULT NULL,
  `updated_at` datetime DEFAULT NULL,
  `deleted_by` int(11) DEFAULT NULL,
  `deleted_at` datetime DEFAULT NULL,
  `status` smallint(1) DEFAULT '1',
  `deleted` smallint(1) DEFAULT '0',
  `date` datetime DEFAULT NULL,
  `title_en` varchar(255) DEFAULT NULL,
  `title_tc` varchar(255) DEFAULT NULL,
  `cover_img_en` varchar(255) DEFAULT NULL,
  `cover_img_tc` varchar(255) DEFAULT NULL,
  `banner_en` varchar(255) DEFAULT NULL,
  `banner_tc` varchar(255) DEFAULT NULL,
  `content_en` text,
  `content_tc` text,
  `base64_img` varchar(255) DEFAULT NULL,
  `base64_img_extension` varchar(10) DEFAULT NULL,
  `base64_img_ori_file_name` varchar(255) DEFAULT NULL,
  PRIMARY KEY (`id`)
) ENGINE=InnoDB AUTO_INCREMENT=4 DEFAULT CHARSET=utf8;

-- ----------------------------
--  Table structure for `news_photo`
-- ----------------------------
DROP TABLE IF EXISTS `news_photo`;
CREATE TABLE `news_photo` (
  `id` int(11) NOT NULL AUTO_INCREMENT,
  `created_by` int(11) DEFAULT NULL,
  `created_at` datetime DEFAULT NULL,
  `updated_by` int(11) DEFAULT NULL,
  `updated_at` datetime DEFAULT NULL,
  `deleted_by` int(11) DEFAULT NULL,
  `deleted_at` datetime DEFAULT NULL,
  `sort` int(11) DEFAULT NULL,
  `status` smallint(1) DEFAULT '1',
  `deleted` smallint(1) DEFAULT '0',
  `news_id` int(11) DEFAULT NULL,
  `photo` varchar(255) DEFAULT NULL,
  PRIMARY KEY (`id`)
) ENGINE=InnoDB AUTO_INCREMENT=14 DEFAULT CHARSET=utf8 ROW_FORMAT=COMPACT;

-- ----------------------------
--  Table structure for `paypal_log`
-- ----------------------------
DROP TABLE IF EXISTS `paypal_log`;
CREATE TABLE `paypal_log` (
  `id` int(11) NOT NULL AUTO_INCREMENT,
  `order_id` int(11) DEFAULT NULL,
  `session_id` varchar(255) DEFAULT NULL,
  `code` varchar(100) DEFAULT NULL,
  `log_data` text,
  `createdate` datetime DEFAULT NULL,
  PRIMARY KEY (`id`)
) ENGINE=InnoDB DEFAULT CHARSET=utf8;

-- ----------------------------
--  Table structure for `phprbac_permissions`
-- ----------------------------
DROP TABLE IF EXISTS `phprbac_permissions`;
CREATE TABLE `phprbac_permissions` (
  `ID` int(11) NOT NULL AUTO_INCREMENT,
  `Lft` int(11) NOT NULL,
  `Rght` int(11) NOT NULL,
  `Title` char(64) COLLATE utf8_bin NOT NULL,
  `Description` text COLLATE utf8_bin NOT NULL,
  PRIMARY KEY (`ID`),
  KEY `Title` (`Title`),
  KEY `Lft` (`Lft`),
  KEY `Rght` (`Rght`)
) ENGINE=InnoDB AUTO_INCREMENT=18 DEFAULT CHARSET=utf8 COLLATE=utf8_bin;

-- ----------------------------
--  Table structure for `phprbac_rolepermissions`
-- ----------------------------
DROP TABLE IF EXISTS `phprbac_rolepermissions`;
CREATE TABLE `phprbac_rolepermissions` (
  `RoleID` int(11) NOT NULL,
  `PermissionID` int(11) NOT NULL,
  `AssignmentDate` int(11) NOT NULL,
  PRIMARY KEY (`RoleID`,`PermissionID`)
) ENGINE=InnoDB DEFAULT CHARSET=utf8 COLLATE=utf8_bin;

-- ----------------------------
--  Table structure for `phprbac_roles`
-- ----------------------------
DROP TABLE IF EXISTS `phprbac_roles`;
CREATE TABLE `phprbac_roles` (
  `ID` int(11) NOT NULL AUTO_INCREMENT,
  `Lft` int(11) NOT NULL,
  `Rght` int(11) NOT NULL,
  `Title` varchar(128) COLLATE utf8_bin NOT NULL,
  `Description` text COLLATE utf8_bin NOT NULL,
  `Level` int(1) DEFAULT NULL,
  `deleted` smallint(1) DEFAULT '0',
  `updated_at` datetime DEFAULT NULL,
  PRIMARY KEY (`ID`),
  KEY `Title` (`Title`),
  KEY `Lft` (`Lft`),
  KEY `Rght` (`Rght`)
) ENGINE=InnoDB AUTO_INCREMENT=5 DEFAULT CHARSET=utf8 COLLATE=utf8_bin;

-- ----------------------------
--  Table structure for `phprbac_userroles`
-- ----------------------------
DROP TABLE IF EXISTS `phprbac_userroles`;
CREATE TABLE `phprbac_userroles` (
  `UserID` int(11) NOT NULL,
  `RoleID` int(11) NOT NULL,
  `AssignmentDate` int(11) NOT NULL,
  PRIMARY KEY (`UserID`,`RoleID`)
) ENGINE=InnoDB DEFAULT CHARSET=utf8 COLLATE=utf8_bin;

-- ----------------------------
--  Table structure for `site_info`
-- ----------------------------
DROP TABLE IF EXISTS `site_info`;
CREATE TABLE `site_info` (
  `id` int(10) NOT NULL AUTO_INCREMENT,
  `created_by` int(10) DEFAULT NULL,
  `created_at` datetime DEFAULT NULL,
  `updated_by` int(10) DEFAULT NULL,
  `updated_at` datetime DEFAULT NULL,
  `deleted` smallint(1) DEFAULT '0',
  `logo` varchar(255) DEFAULT NULL,
  `name_en` varchar(255) DEFAULT NULL,
  `name_tc` varchar(255) DEFAULT NULL,
  `name_sc` varchar(255) DEFAULT NULL,
  `meta_keyword_en` varchar(255) DEFAULT NULL,
  `meta_keyword_tc` varchar(255) DEFAULT NULL,
  `meta_keyword_sc` varchar(255) DEFAULT NULL,
  `meta_description_en` varchar(255) DEFAULT NULL,
  `meta_description_tc` varchar(255) DEFAULT NULL,
  `meta_description_sc` varchar(255) DEFAULT NULL,
  `tel` varchar(255) DEFAULT NULL,
  `email` varchar(255) DEFAULT NULL,
  `fanpage` varchar(255) DEFAULT NULL,
  `url` varchar(255) DEFAULT NULL,
  `copyright` varchar(255) DEFAULT NULL,
  `paypal_APIUsername` varchar(255) DEFAULT NULL,
  `paypal_APIPassword` varchar(255) DEFAULT NULL,
  `paypal_APISignature` varchar(255) DEFAULT NULL,
  PRIMARY KEY (`id`)
) ENGINE=InnoDB AUTO_INCREMENT=2 DEFAULT CHARSET=utf8;

-- ----------------------------
--  Table structure for `sys_user`
-- ----------------------------
DROP TABLE IF EXISTS `sys_user`;
CREATE TABLE `sys_user` (
  `id` int(11) NOT NULL AUTO_INCREMENT,
  `deleted` smallint(1) NOT NULL DEFAULT '0',
  `login_id` varchar(255) DEFAULT NULL,
  `login_name` varchar(255) DEFAULT NULL,
  `login_pw` text,
  `login_role` varchar(255) DEFAULT NULL,
  `role_level` int(1) DEFAULT NULL,
  `status` smallint(1) DEFAULT '1',
  `created_by` int(11) DEFAULT NULL,
  `created_at` datetime DEFAULT NULL,
  `updated_by` int(11) DEFAULT NULL,
  `updated_at` datetime DEFAULT NULL,
  `deleted_by` int(11) DEFAULT NULL,
  `deleted_at` datetime DEFAULT NULL,
  PRIMARY KEY (`id`)
) ENGINE=InnoDB AUTO_INCREMENT=10 DEFAULT CHARSET=utf8;

-- ----------------------------
--  Table structure for `~template`
-- ----------------------------
DROP TABLE IF EXISTS `~template`;
CREATE TABLE `~template` (
  `id` int(11) NOT NULL AUTO_INCREMENT,
  `created_by` int(11) DEFAULT NULL,
  `created_at` datetime DEFAULT NULL,
  `updated_by` int(11) DEFAULT NULL,
  `updated_at` datetime DEFAULT NULL,
  `deleted_by` int(11) DEFAULT NULL,
  `deleted_at` datetime DEFAULT NULL,
  `status` smallint(1) DEFAULT '1',
  `deleted` smallint(1) DEFAULT '0',
  PRIMARY KEY (`id`)
) ENGINE=InnoDB DEFAULT CHARSET=utf8;

-- ----------------------------
--  Records 
-- ----------------------------
INSERT INTO `company_doc` VALUES ('1',NULL,'2018-05-18 15:19:51',NULL,'2018-06-21 14:34:12',NULL,NULL,'1','1','55744ca94e1e288b36ceeff1dd893ed0.jpg'), ('2',NULL,'2018-05-18 15:19:51',NULL,'2018-06-21 09:28:16',NULL,NULL,'1','1','9dd3ea020b269871065d8560cedd45db.jpg'), ('3',NULL,'2018-06-21 09:32:04',NULL,'2018-07-27 15:50:42',NULL,NULL,'1','1','935a54d6830219948c0b4ee728bb47bf.jpg'), ('4',NULL,'2018-07-27 15:50:48',NULL,'2018-07-27 15:50:53',NULL,NULL,'1','1','c8960df46261555b434492a5cd73fa5e.png'), ('5',NULL,'2018-07-27 15:50:48',NULL,'2018-07-27 15:50:55',NULL,NULL,'1','1','80d166a89155bc862d23c27585c06928.jpg'), ('6',NULL,'2018-07-27 16:33:42',NULL,'2018-07-27 16:33:56',NULL,NULL,'1','1','f98313eedb2779b86004dbc1c69940ed.png'), ('7',NULL,'2018-07-27 16:33:42',NULL,'2018-07-27 16:33:58',NULL,NULL,'1','1','e3a58b8331c1d6c4486c97b305aa5752.jpg');
INSERT INTO `debug_log` VALUES ('1',NULL,'2018-03-07 09:59:40',NULL,'2018-03-07 09:59:40',NULL,NULL,'0','1','true'), ('2',NULL,'2018-03-07 09:59:40',NULL,'2018-03-07 09:59:40',NULL,NULL,'0','2','\"11\"'), ('3',NULL,'2018-03-07 09:59:40',NULL,'2018-03-07 09:59:40',NULL,NULL,'0','3','\"11\"'), ('4',NULL,'2018-03-07 10:02:09',NULL,'2018-03-07 10:02:09',NULL,NULL,'0','1','{\"date\":\"2018-03-07 10:02:09.000000\",\"timezone_type\":3,\"timezone\":\"Asia\\/Hong_Kong\"}'), ('5',NULL,'2018-03-07 10:02:09',NULL,'2018-03-07 10:02:09',NULL,NULL,'0','1','true'), ('6',NULL,'2018-03-07 10:02:09',NULL,'2018-03-07 10:02:09',NULL,NULL,'0','2','\"1\"'), ('7',NULL,'2018-03-07 10:02:09',NULL,'2018-03-07 10:02:09',NULL,NULL,'0','3','\"1\"'), ('8',NULL,'2018-03-07 10:05:37',NULL,'2018-03-07 10:05:37',NULL,NULL,'0','1','\"11\"'), ('9',NULL,'2018-03-07 10:05:37',NULL,'2018-03-07 10:05:37',NULL,NULL,'0','1','{\"date\":\"2018-03-07 10:05:37.000000\",\"timezone_type\":3,\"timezone\":\"Asia\\/Hong_Kong\"}'), ('10',NULL,'2018-03-07 10:05:38',NULL,'2018-03-07 10:05:38',NULL,NULL,'0','1','true'), ('11',NULL,'2018-03-07 10:05:38',NULL,'2018-03-07 10:05:38',NULL,NULL,'0','2','\"11\"'), ('12',NULL,'2018-03-07 10:05:38',NULL,'2018-03-07 10:05:38',NULL,NULL,'0','3','\"11\"'), ('13',NULL,'2018-03-07 10:06:07',NULL,'2018-03-07 10:06:07',NULL,NULL,'0','1','\"Y-m-d\"'), ('14',NULL,'2018-03-07 10:06:07',NULL,'2018-03-07 10:06:07',NULL,NULL,'0','1','false'), ('15',NULL,'2018-03-07 10:06:07',NULL,'2018-03-07 10:06:07',NULL,NULL,'0','1','false'), ('16',NULL,'2018-03-07 10:06:45',NULL,'2018-03-07 10:06:45',NULL,NULL,'0','1','\"Y-m-d\"'), ('17',NULL,'2018-03-07 10:06:45',NULL,'2018-03-07 10:06:45',NULL,NULL,'0','1','false'), ('18',NULL,'2018-03-07 10:06:45',NULL,'2018-03-07 10:06:45',NULL,NULL,'0','1','false');
INSERT INTO `email_log` VALUES ('1',NULL,'2018-04-12 11:45:01',NULL,'2018-04-12 11:45:03',NULL,NULL,'1','0','','','fail','1','123','0'), ('2',NULL,'2018-04-12 11:46:34',NULL,'2018-04-12 11:46:35',NULL,NULL,'1','0','','','success','1','table name','123'), ('3',NULL,'2018-05-30 12:07:28',NULL,'2018-05-30 12:07:28',NULL,NULL,'1','0','','','Title','1','','0'), ('4',NULL,'2018-05-30 12:08:25',NULL,'2018-05-30 12:08:25',NULL,NULL,'1','0','','','Title','1','','0'), ('5',NULL,'2018-05-30 17:34:46',NULL,'2018-05-30 17:34:46',NULL,NULL,'1','0','','','Title','1','','0'), ('6',NULL,'2018-05-31 16:11:45',NULL,'2018-05-31 16:11:45',NULL,NULL,'1','0','','','Title','1','','0'), ('7',NULL,'2018-06-21 09:43:27',NULL,'2018-06-21 09:43:27',NULL,NULL,'1','0','','','Title','1','','0'), ('8',NULL,'2018-06-21 14:12:56',NULL,'2018-06-21 14:12:56',NULL,NULL,'1','0','','','Title','1','','0'), ('9',NULL,'2018-06-26 15:49:13',NULL,'2018-06-26 15:49:13',NULL,NULL,'1','0','','','Title','1','','0'), ('10',NULL,'2018-06-30 15:26:30',NULL,'2018-06-30 15:26:30',NULL,NULL,'1','0','','','Title','1','','0'), ('11',NULL,'2018-06-30 15:26:40',NULL,'2018-06-30 15:26:40',NULL,NULL,'1','0','','','Title','1','','0'), ('12',NULL,'2018-10-18 11:08:16',NULL,'2018-10-18 11:08:16',NULL,NULL,'1','0','','','Title','1','','0'), ('13',NULL,'2019-05-21 17:16:32',NULL,'2019-05-21 17:16:32',NULL,NULL,'1','0','','','Title','1','','0'), ('14',NULL,'2019-10-02 11:17:15',NULL,'2019-10-02 11:17:15',NULL,NULL,'1','0','','','Title','1','','0'), ('15',NULL,'2021-03-12 14:45:08',NULL,'2021-03-12 14:45:08',NULL,NULL,'1','0',NULL,NULL,'Title','1','test','1');
INSERT INTO `login_log` VALUES ('379','192.168.155.197','Mozilla/5.0 (Windows NT 6.1; Win64; x64) AppleWebKit/537.36 (KHTML, like Gecko) Chrome/64.0.3282.186 Safari/537.36','0','1','2018-03-07 17:43:42','6q8mm325f1sptunnh1q17j9ag3','sys_user','hgrehreh','0',NULL,'2018-03-07 17:43:42',NULL,'2018-03-07 17:43:42',NULL,NULL), ('380','192.168.155.197','Mozilla/5.0 (Windows NT 6.1; Win64; x64) AppleWebKit/537.36 (KHTML, like Gecko) Chrome/64.0.3282.186 Safari/537.36','0','1','2018-03-07 17:43:56','6q8mm325f1sptunnh1q17j9ag3','sys_user','2142134','0',NULL,'2018-03-07 17:43:56',NULL,'2018-03-07 17:43:56',NULL,NULL), ('381','192.168.155.197','Mozilla/5.0 (Windows NT 6.1; Win64; x64) AppleWebKit/537.36 (KHTML, like Gecko) Chrome/64.0.3282.186 Safari/537.36','0','1','2018-03-07 17:46:41','6q8mm325f1sptunnh1q17j9ag3','sys_user','yeryer','0',NULL,'2018-03-07 17:46:41',NULL,'2018-03-07 17:46:41',NULL,NULL), ('382','192.168.155.197','Mozilla/5.0 (Windows NT 6.1; Win64; x64) AppleWebKit/537.36 (KHTML, like Gecko) Chrome/64.0.3282.186 Safari/537.36','0','1','2018-03-07 17:50:13','6q8mm325f1sptunnh1q17j9ag3','sys_user','yrtytyr','0',NULL,'2018-03-07 17:50:13',NULL,'2018-03-07 17:50:13',NULL,NULL), ('383','192.168.155.197','Mozilla/5.0 (Windows NT 6.1; Win64; x64) AppleWebKit/537.36 (KHTML, like Gecko) Chrome/64.0.3282.186 Safari/537.36','0','1','2018-03-07 17:51:20','6q8mm325f1sptunnh1q17j9ag3','sys_user','hyerher','0',NULL,'2018-03-07 17:51:20',NULL,'2018-03-07 17:51:20',NULL,NULL), ('384','192.168.155.197','Mozilla/5.0 (Windows NT 6.1; Win64; x64) AppleWebKit/537.36 (KHTML, like Gecko) Chrome/64.0.3282.186 Safari/537.36','0','1','2018-03-07 17:53:25','6q8mm325f1sptunnh1q17j9ag3','sys_user','yeryery','0',NULL,'2018-03-07 17:53:25',NULL,'2018-03-07 17:53:25',NULL,NULL), ('385','192.168.155.197','Mozilla/5.0 (Windows NT 6.1; Win64; x64) AppleWebKit/537.36 (KHTML, like Gecko) Chrome/64.0.3282.186 Safari/537.36','0','1','2018-03-07 17:54:30','6q8mm325f1sptunnh1q17j9ag3','sys_user','twetwe','0',NULL,'2018-03-07 17:54:30',NULL,'2018-03-07 17:54:30',NULL,NULL), ('386','192.168.155.197','Mozilla/5.0 (Windows NT 6.1; Win64; x64) AppleWebKit/537.36 (KHTML, like Gecko) Chrome/64.0.3282.186 Safari/537.36','0','1','2018-03-07 17:54:45','6q8mm325f1sptunnh1q17j9ag3','sys_user','terterterter','0',NULL,'2018-03-07 17:54:45',NULL,'2018-03-07 17:54:45',NULL,NULL), ('387','192.168.155.197','Mozilla/5.0 (Windows NT 6.1; Win64; x64) AppleWebKit/537.36 (KHTML, like Gecko) Chrome/64.0.3282.186 Safari/537.36','0','1','2018-03-07 17:55:34','6q8mm325f1sptunnh1q17j9ag3','sys_user','erger','0',NULL,'2018-03-07 17:55:34',NULL,'2018-03-07 17:55:34',NULL,NULL), ('388','192.168.155.197','Mozilla/5.0 (Windows NT 6.1; Win64; x64) AppleWebKit/537.36 (KHTML, like Gecko) Chrome/64.0.3282.186 Safari/537.36','0','1','2018-03-07 17:55:52','6q8mm325f1sptunnh1q17j9ag3','sys_user','terterterter','0',NULL,'2018-03-07 17:55:52',NULL,'2018-03-07 17:55:52',NULL,NULL), ('389','192.168.155.197','Mozilla/5.0 (Windows NT 6.1; Win64; x64) AppleWebKit/537.36 (KHTML, like Gecko) Chrome/64.0.3282.186 Safari/537.36','0','1','2018-03-07 17:57:29','6q8mm325f1sptunnh1q17j9ag3','sys_user','yeryeryyey','0',NULL,'2018-03-07 17:57:29',NULL,'2018-03-07 17:57:29',NULL,NULL), ('390','192.168.155.197','Mozilla/5.0 (Windows NT 6.1; Win64; x64) AppleWebKit/537.36 (KHTML, like Gecko) Chrome/64.0.3282.186 Safari/537.36','0','1','2018-03-07 17:58:33','6q8mm325f1sptunnh1q17j9ag3','sys_user','tretert','0',NULL,'2018-03-07 17:58:33',NULL,'2018-03-07 17:58:33',NULL,NULL), ('391','192.168.155.197','Mozilla/5.0 (Windows NT 6.1; Win64; x64) AppleWebKit/537.36 (KHTML, like Gecko) Chrome/64.0.3282.186 Safari/537.36','0','1','2018-03-07 17:58:39','6q8mm325f1sptunnh1q17j9ag3','sys_user','skyadmin','0',NULL,'2018-03-07 17:58:39',NULL,'2018-03-07 17:58:39',NULL,NULL), ('392','192.168.155.197','Mozilla/5.0 (Windows NT 6.1; Win64; x64) AppleWebKit/537.36 (KHTML, like Gecko) Chrome/64.0.3282.186 Safari/537.36','1','0','2018-03-07 18:01:17','6q8mm325f1sptunnh1q17j9ag3','sys_user','1','0',NULL,'2018-03-07 18:01:17',NULL,'2018-03-07 18:01:17',NULL,NULL), ('393','192.168.155.197','Mozilla/5.0 (Windows NT 6.1; Win64; x64) AppleWebKit/537.36 (KHTML, like Gecko) Chrome/64.0.3282.186 Safari/537.36','1','0','2018-03-08 09:32:18','n9ho7vt3tncb9l987qcgq30276','sys_user','1','0',NULL,'2018-03-08 09:32:18',NULL,'2018-03-08 09:32:18',NULL,NULL), ('394','192.168.155.181','Mozilla/5.0 (Windows NT 6.1; Win64; x64) AppleWebKit/537.36 (KHTML, like Gecko) Chrome/65.0.3325.146 Safari/537.36','1','0','2018-03-08 09:42:53','g0of29qevp9aotk3onjstnsvq4','sys_user','1','0',NULL,'2018-03-08 09:42:53',NULL,'2018-03-08 09:42:53',NULL,NULL), ('395','192.168.155.181','Mozilla/5.0 (Windows NT 6.1; Win64; x64) AppleWebKit/537.36 (KHTML, like Gecko) Chrome/65.0.3325.146 Safari/537.36','1','0','2018-03-08 09:44:37','fq4usev1q37e0j22darrtfjvc0','sys_user','1','0',NULL,'2018-03-08 09:44:37',NULL,'2018-03-08 09:44:37',NULL,NULL), ('396','192.168.155.197','Mozilla/5.0 (Windows NT 6.1; Win64; x64) AppleWebKit/537.36 (KHTML, like Gecko) Chrome/64.0.3282.186 Safari/537.36','1','0','2018-03-08 09:47:31','rql84d0d448heijlta98okkr04','sys_user','2','0',NULL,'2018-03-08 09:47:31',NULL,'2018-03-08 09:47:31',NULL,NULL), ('397','192.168.155.197','Mozilla/5.0 (Windows NT 6.1; Win64; x64) AppleWebKit/537.36 (KHTML, like Gecko) Chrome/64.0.3282.186 Safari/537.36','1','0','2018-03-08 09:57:24','n9ho7vt3tncb9l987qcgq30276','sys_user','1','0',NULL,'2018-03-08 09:57:24',NULL,'2018-03-08 09:57:24',NULL,NULL), ('398','192.168.155.197','Mozilla/5.0 (Windows NT 6.1; Win64; x64) AppleWebKit/537.36 (KHTML, like Gecko) Chrome/64.0.3282.186 Safari/537.36','1','0','2018-03-08 10:11:22','n9ho7vt3tncb9l987qcgq30276','sys_user','1','0',NULL,'2018-03-08 10:11:22',NULL,'2018-03-08 10:11:22',NULL,NULL), ('399','192.168.155.197','Mozilla/5.0 (Windows NT 6.1; Win64; x64) AppleWebKit/537.36 (KHTML, like Gecko) Chrome/64.0.3282.186 Safari/537.36','0','1','2018-03-08 11:22:19','n9ho7vt3tncb9l987qcgq30276','sys_user','skyadmin','0',NULL,'2018-03-08 11:22:19',NULL,'2018-03-08 11:22:19',NULL,NULL), ('400','192.168.155.197','Mozilla/5.0 (Windows NT 6.1; Win64; x64) AppleWebKit/537.36 (KHTML, like Gecko) Chrome/64.0.3282.186 Safari/537.36','0','1','2018-03-08 11:22:24','n9ho7vt3tncb9l987qcgq30276','sys_user','skyadmin','0',NULL,'2018-03-08 11:22:24',NULL,'2018-03-08 11:22:24',NULL,NULL), ('401','192.168.155.197','Mozilla/5.0 (Windows NT 6.1; Win64; x64) AppleWebKit/537.36 (KHTML, like Gecko) Chrome/64.0.3282.186 Safari/537.36','0','1','2018-03-08 11:22:32','n9ho7vt3tncb9l987qcgq30276','sys_user','skyadmin','0',NULL,'2018-03-08 11:22:32',NULL,'2018-03-08 11:22:32',NULL,NULL), ('402','192.168.155.197','Mozilla/5.0 (Windows NT 6.1; Win64; x64) AppleWebKit/537.36 (KHTML, like Gecko) Chrome/64.0.3282.186 Safari/537.36','0','1','2018-03-08 11:23:09','n9ho7vt3tncb9l987qcgq30276','sys_user','skyadmin','0',NULL,'2018-03-08 11:23:09',NULL,'2018-03-08 11:23:09',NULL,NULL), ('403','192.168.155.197','Mozilla/5.0 (Windows NT 6.1; Win64; x64) AppleWebKit/537.36 (KHTML, like Gecko) Chrome/64.0.3282.186 Safari/537.36','1','0','2018-03-08 11:23:14','n9ho7vt3tncb9l987qcgq30276','sys_user','1','0',NULL,'2018-03-08 11:23:14',NULL,'2018-03-08 11:23:14',NULL,NULL), ('404','192.168.155.197','Mozilla/5.0 (Windows NT 6.1; Win64; x64) AppleWebKit/537.36 (KHTML, like Gecko) Chrome/64.0.3282.186 Safari/537.36','1','0','2018-03-08 11:23:39','n9ho7vt3tncb9l987qcgq30276','sys_user','1','0',NULL,'2018-03-08 11:23:39',NULL,'2018-03-08 11:23:39',NULL,NULL), ('405','192.168.155.197','Mozilla/5.0 (Windows NT 6.1; Win64; x64) AppleWebKit/537.36 (KHTML, like Gecko) Chrome/64.0.3282.186 Safari/537.36','1','0','2018-03-08 12:14:13','saqpdk0vdnfj4g3580nq25ohg3','sys_user','3','0',NULL,'2018-03-08 12:14:13',NULL,'2018-03-08 12:14:13',NULL,NULL), ('406','192.168.155.197','Mozilla/5.0 (Windows NT 6.1; Win64; x64) AppleWebKit/537.36 (KHTML, like Gecko) Chrome/64.0.3282.186 Safari/537.36','1','0','2018-03-08 14:11:02','n9ho7vt3tncb9l987qcgq30276','sys_user','1','0',NULL,'2018-03-08 14:11:02',NULL,'2018-03-08 14:11:02',NULL,NULL), ('407','192.168.155.197','Mozilla/5.0 (Windows NT 6.1; Win64; x64) AppleWebKit/537.36 (KHTML, like Gecko) Chrome/64.0.3282.186 Safari/537.36','1','0','2018-03-08 14:23:11','n9ho7vt3tncb9l987qcgq30276','sys_user','2','0',NULL,'2018-03-08 14:23:11',NULL,'2018-03-08 14:23:11',NULL,NULL), ('408','192.168.155.197','Mozilla/5.0 (Windows NT 6.1; Win64; x64) AppleWebKit/537.36 (KHTML, like Gecko) Chrome/64.0.3282.186 Safari/537.36','1','0','2018-03-08 14:29:35','n9ho7vt3tncb9l987qcgq30276','sys_user','1','0',NULL,'2018-03-08 14:29:35',NULL,'2018-03-08 14:29:35',NULL,NULL), ('409','192.168.155.197','Mozilla/5.0 (Windows NT 6.1; Win64; x64) AppleWebKit/537.36 (KHTML, like Gecko) Chrome/64.0.3282.186 Safari/537.36','1','0','2018-03-08 15:31:31','n9ho7vt3tncb9l987qcgq30276','sys_user','1','0',NULL,'2018-03-08 15:31:31',NULL,'2018-03-08 15:31:31',NULL,NULL), ('410','192.168.155.197','Mozilla/5.0 (Windows NT 6.1; Win64; x64) AppleWebKit/537.36 (KHTML, like Gecko) Chrome/64.0.3282.186 Safari/537.36','1','0','2018-03-08 17:17:44','n9ho7vt3tncb9l987qcgq30276','sys_user','8','0',NULL,'2018-03-08 17:17:44',NULL,'2018-03-08 17:17:44',NULL,NULL), ('411','192.168.155.197','Mozilla/5.0 (Windows NT 6.1; Win64; x64) AppleWebKit/537.36 (KHTML, like Gecko) Chrome/64.0.3282.186 Safari/537.36','1','0','2018-03-08 17:21:10','n9ho7vt3tncb9l987qcgq30276','sys_user','1','0',NULL,'2018-03-08 17:21:10',NULL,'2018-03-08 17:21:10',NULL,NULL), ('412','192.168.155.197','Mozilla/5.0 (Windows NT 6.1; Win64; x64) AppleWebKit/537.36 (KHTML, like Gecko) Chrome/64.0.3282.186 Safari/537.36','1','0','2018-03-08 17:25:45','n9ho7vt3tncb9l987qcgq30276','sys_user','8','0',NULL,'2018-03-08 17:25:45',NULL,'2018-03-08 17:25:45',NULL,NULL), ('413','192.168.155.197','Mozilla/5.0 (Windows NT 6.1; Win64; x64) AppleWebKit/537.36 (KHTML, like Gecko) Chrome/64.0.3282.186 Safari/537.36','1','0','2018-03-08 17:25:59','n9ho7vt3tncb9l987qcgq30276','sys_user','8','0',NULL,'2018-03-08 17:25:59',NULL,'2018-03-08 17:25:59',NULL,NULL), ('414','192.168.155.197','Mozilla/5.0 (Windows NT 6.1; Win64; x64) AppleWebKit/537.36 (KHTML, like Gecko) Chrome/64.0.3282.186 Safari/537.36','1','0','2018-03-08 17:26:53','n9ho7vt3tncb9l987qcgq30276','sys_user','8','0',NULL,'2018-03-08 17:26:53',NULL,'2018-03-08 17:26:53',NULL,NULL), ('415','192.168.155.197','Mozilla/5.0 (Windows NT 6.1; Win64; x64) AppleWebKit/537.36 (KHTML, like Gecko) Chrome/64.0.3282.186 Safari/537.36','1','0','2018-03-08 17:45:15','n9ho7vt3tncb9l987qcgq30276','sys_user','1','0',NULL,'2018-03-08 17:45:15',NULL,'2018-03-08 17:45:15',NULL,NULL), ('416','192.168.155.197','Mozilla/5.0 (Windows NT 6.1; Win64; x64) AppleWebKit/537.36 (KHTML, like Gecko) Chrome/64.0.3282.186 Safari/537.36','1','0','2018-03-09 09:51:51','5a7r4vfi5ap8vb9t51pc8o47c5','sys_user','1','0',NULL,'2018-03-09 09:51:51',NULL,'2018-03-09 09:51:51',NULL,NULL), ('417','192.168.155.197','Mozilla/5.0 (Windows NT 6.1; Win64; x64) AppleWebKit/537.36 (KHTML, like Gecko) Chrome/64.0.3282.186 Safari/537.36','1','0','2018-03-12 09:26:09','h5qh5f0i05n83nte0ii6b16ga2','sys_user','1','0',NULL,'2018-03-12 09:26:09',NULL,'2018-03-12 09:26:09',NULL,NULL), ('418','192.168.155.197','Mozilla/5.0 (Windows NT 6.1; Win64; x64) AppleWebKit/537.36 (KHTML, like Gecko) Chrome/64.0.3282.186 Safari/537.36','1','0','2018-03-12 10:37:10','0o7ct1561ilp5i8up3cu0b79m3','sys_user','1','0',NULL,'2018-03-12 10:37:10',NULL,'2018-03-12 10:37:10',NULL,NULL), ('419','192.168.155.197','Mozilla/5.0 (Windows NT 6.1; Win64; x64; rv:59.0) Gecko/20100101 Firefox/59.0','1','0','2018-03-19 11:04:09','qgc39r1lon4afoapac7tc2kpq7','sys_user','1','0',NULL,'2018-03-19 11:04:09',NULL,'2018-03-19 11:04:09',NULL,NULL), ('420','192.168.155.197','Mozilla/5.0 (Windows NT 6.1; Win64; x64; rv:59.0) Gecko/20100101 Firefox/59.0','1','0','2018-03-19 12:14:19','lkust41bmoaefo8vr3em93d3m6','sys_user','1','0',NULL,'2018-03-19 12:14:19',NULL,'2018-03-19 12:14:19',NULL,NULL), ('421','192.168.155.125','Mozilla/5.0 (Windows NT 6.1; Win64; x64) AppleWebKit/537.36 (KHTML, like Gecko) Chrome/64.0.3282.186 Safari/537.36','1','0','2018-03-23 15:21:14','vt3fidanvh00ej7v6q63mdntd2','sys_user','1','0',NULL,'2018-03-23 15:21:14',NULL,'2018-03-23 15:21:14',NULL,NULL), ('422','192.168.155.197','Mozilla/5.0 (Windows NT 6.1; Win64; x64; rv:59.0) Gecko/20100101 Firefox/59.0','0','1','2018-03-26 10:10:17','s75r2lsi0rh78ck9hcnjlam2v6','sys_user','skyadmin','0',NULL,'2018-03-26 10:10:17',NULL,'2018-03-26 10:10:17',NULL,NULL), ('423','192.168.155.197','Mozilla/5.0 (Windows NT 6.1; Win64; x64; rv:59.0) Gecko/20100101 Firefox/59.0','1','0','2018-03-26 10:10:22','s75r2lsi0rh78ck9hcnjlam2v6','sys_user','1','0',NULL,'2018-03-26 10:10:22',NULL,'2018-03-26 10:10:22',NULL,NULL), ('424','192.168.155.125','Mozilla/5.0 (Windows NT 6.1; Win64; x64) AppleWebKit/537.36 (KHTML, like Gecko) Chrome/64.0.3282.186 Safari/537.36','1','0','2018-03-26 10:50:24','ed2fgf9m2vbf5krqv4fan88qs2','sys_user','1','0',NULL,'2018-03-26 10:50:24',NULL,'2018-03-26 10:50:24',NULL,NULL), ('425','192.168.155.197','Mozilla/5.0 (Windows NT 6.1; Win64; x64; rv:59.0) Gecko/20100101 Firefox/59.0','0','1','2018-03-26 17:41:14','s75r2lsi0rh78ck9hcnjlam2v6','sys_user','skyadmin','0',NULL,'2018-03-26 17:41:14',NULL,'2018-03-26 17:41:14',NULL,NULL), ('426','192.168.155.197','Mozilla/5.0 (Windows NT 6.1; Win64; x64; rv:59.0) Gecko/20100101 Firefox/59.0','1','0','2018-03-26 17:41:20','s75r2lsi0rh78ck9hcnjlam2v6','sys_user','1','0',NULL,'2018-03-26 17:41:20',NULL,'2018-03-26 17:41:20',NULL,NULL), ('427','192.168.155.197','Mozilla/5.0 (Windows NT 6.1; Win64; x64; rv:59.0) Gecko/20100101 Firefox/59.0','1','0','2018-03-27 09:24:26','c57e213d34db0457d38fadf27d6b7bc8','sys_user','1','0',NULL,'2018-03-27 09:24:26',NULL,'2018-03-27 09:24:26',NULL,NULL), ('428','192.168.155.197','Mozilla/5.0 (Windows NT 6.1; Win64; x64; rv:59.0) Gecko/20100101 Firefox/59.0','1','0','2018-03-27 09:42:15','c57e213d34db0457d38fadf27d6b7bc8','sys_user','1','0',NULL,'2018-03-27 09:42:15',NULL,'2018-03-27 09:42:15',NULL,NULL), ('429','192.168.155.197','Mozilla/5.0 (Windows NT 6.1; Win64; x64; rv:59.0) Gecko/20100101 Firefox/59.0','1','0','2018-03-27 11:48:44','c57e213d34db0457d38fadf27d6b7bc8','sys_user','1','0',NULL,'2018-03-27 11:48:44',NULL,'2018-03-27 11:48:44',NULL,NULL), ('430','192.168.155.197','Mozilla/5.0 (Windows NT 6.1; Win64; x64; rv:59.0) Gecko/20100101 Firefox/59.0','1','0','2018-03-28 09:17:27','d893c68e578e643f62efa64936b160e3','sys_user','1','0',NULL,'2018-03-28 09:17:27',NULL,'2018-03-28 09:17:27',NULL,NULL), ('431','192.168.155.197','Mozilla/5.0 (Windows NT 6.1; Win64; x64; rv:59.0) Gecko/20100101 Firefox/59.0','1','0','2018-03-29 12:34:00','ffdae37f2db15ef29e77726254804437','sys_user','1','0',NULL,'2018-03-29 12:34:00',NULL,'2018-03-29 12:34:00',NULL,NULL), ('432','192.168.155.125','Mozilla/5.0 (Windows NT 6.1; Win64; x64) AppleWebKit/537.36 (KHTML, like Gecko) Chrome/65.0.3325.181 Safari/537.36','1','0','2018-03-29 12:34:07','bf7969f33871aef8430c2baf5db30202','sys_user','1','0',NULL,'2018-03-29 12:34:07',NULL,'2018-03-29 12:34:07',NULL,NULL), ('433','192.168.155.197','Mozilla/5.0 (Windows NT 6.1; Win64; x64; rv:59.0) Gecko/20100101 Firefox/59.0','1','0','2018-03-29 12:34:14','ffdae37f2db15ef29e77726254804437','sys_user','1','0',NULL,'2018-03-29 12:34:14',NULL,'2018-03-29 12:34:14',NULL,NULL), ('434','192.168.155.125','Mozilla/5.0 (Windows NT 6.1; Win64; x64) AppleWebKit/537.36 (KHTML, like Gecko) Chrome/65.0.3325.181 Safari/537.36','1','0','2018-03-29 12:34:18','bf7969f33871aef8430c2baf5db30202','sys_user','1','0',NULL,'2018-03-29 12:34:18',NULL,'2018-03-29 12:34:18',NULL,NULL), ('435','192.168.155.125','Mozilla/5.0 (Windows NT 6.1; Win64; x64) AppleWebKit/537.36 (KHTML, like Gecko) Chrome/65.0.3325.181 Safari/537.36','1','0','2018-03-29 17:54:49','0e8905c7fa4de19d01512a2d5b931df6389e614e','sys_user','1','0',NULL,'2018-03-29 17:54:49',NULL,'2018-03-29 17:54:49',NULL,NULL), ('436','192.168.155.197','Mozilla/5.0 (Windows NT 6.1; Win64; x64; rv:59.0) Gecko/20100101 Firefox/59.0','1','0','2018-04-04 14:14:26','741d349866e4556060ce7ef120c92cde','sys_user','1','0',NULL,'2018-04-04 14:14:26',NULL,'2018-04-04 14:14:26',NULL,NULL), ('437','192.168.155.128','Mozilla/5.0 (Windows NT 6.1; Win64; x64) AppleWebKit/537.36 (KHTML, like Gecko) Chrome/65.0.3325.181 Safari/537.36','1','0','2018-04-09 12:19:18','fd7b121a9f5520919d1d44ba25a60108','sys_user','1','0',NULL,'2018-04-09 12:19:18',NULL,'2018-04-09 12:19:18',NULL,NULL), ('438','192.168.155.125','Mozilla/5.0 (Windows NT 6.1; Win64; x64) AppleWebKit/537.36 (KHTML, like Gecko) Chrome/65.0.3325.181 Safari/537.36','1','0','2018-04-09 16:33:41','435da57f25e5b243dc6553734ffa9ab5','sys_user','1','0',NULL,'2018-04-09 16:33:41',NULL,'2018-04-09 16:33:41',NULL,NULL), ('439','192.168.155.165','Mozilla/5.0 (Windows NT 6.1; Win64; x64) AppleWebKit/537.36 (KHTML, like Gecko) Chrome/65.0.3325.181 Safari/537.36','1','0','2018-04-10 09:30:38','90e1838dac543ffe3856e645ddf31bd4','sys_user','1','0',NULL,'2018-04-10 09:30:38',NULL,'2018-04-10 09:30:38',NULL,NULL), ('440','192.168.155.197','Mozilla/5.0 (Windows NT 6.1; Win64; x64; rv:59.0) Gecko/20100101 Firefox/59.0','1','0','2018-04-10 09:49:14','8bb8307022869a04b6971d454224e64f','sys_user','1','0',NULL,'2018-04-10 09:49:14',NULL,'2018-04-10 09:49:14',NULL,NULL), ('441','192.168.155.197','Mozilla/5.0 (Windows NT 6.1; Win64; x64; rv:59.0) Gecko/20100101 Firefox/59.0','0','1','2018-04-10 10:01:53','5e9c887613c63a1a9f3413f07450ca71f1270c52','sys_user','skyadmin','0',NULL,'2018-04-10 10:01:53',NULL,'2018-04-10 10:01:53',NULL,NULL), ('442','192.168.155.197','Mozilla/5.0 (Windows NT 6.1; Win64; x64; rv:59.0) Gecko/20100101 Firefox/59.0','1','0','2018-04-10 10:01:58','5e9c887613c63a1a9f3413f07450ca71f1270c52','sys_user','1','0',NULL,'2018-04-10 10:01:58',NULL,'2018-04-10 10:01:58',NULL,NULL), ('443','192.168.155.165','Mozilla/5.0 (Windows NT 6.1; Win64; x64) AppleWebKit/537.36 (KHTML, like Gecko) Chrome/65.0.3325.181 Safari/537.36','1','0','2018-04-10 10:14:07','25a19d42c75e8a1ab705991786337825730f1b33','sys_user','1','0',NULL,'2018-04-10 10:14:07',NULL,'2018-04-10 10:14:07',NULL,NULL), ('444','192.168.155.197','Mozilla/5.0 (Windows NT 6.1; Win64; x64; rv:59.0) Gecko/20100101 Firefox/59.0','1','0','2018-04-10 10:46:34','8bb8307022869a04b6971d454224e64f','sys_user','1','0',NULL,'2018-04-10 10:46:34',NULL,'2018-04-10 10:46:34',NULL,NULL), ('445','::1','Mozilla/5.0 (Windows NT 6.1; Win64; x64) AppleWebKit/537.36 (KHTML, like Gecko) Chrome/65.0.3325.181 Safari/537.36','1','0','2018-04-10 11:09:33','p647hebpvssim5eekt359u9skdu0lp5u','sys_user','1','0',NULL,'2018-04-10 11:09:33',NULL,'2018-04-10 11:09:33',NULL,NULL), ('446','192.168.155.165','Mozilla/5.0 (Windows NT 6.1; Win64; x64) AppleWebKit/537.36 (KHTML, like Gecko) Chrome/65.0.3325.181 Safari/537.36','1','0','2018-04-11 12:12:29','726e032a7ace943761211357de3c4043','sys_user','1','0',NULL,'2018-04-11 12:12:29',NULL,'2018-04-11 12:12:29',NULL,NULL), ('447','192.168.155.197','Mozilla/5.0 (Windows NT 6.1; Win64; x64; rv:59.0) Gecko/20100101 Firefox/59.0','0','1','2018-04-11 12:25:43','16793e99857536fb75f2ec5fb01a53a3','sys_user','skyadmin','0',NULL,'2018-04-11 12:25:43',NULL,'2018-04-11 12:25:43',NULL,NULL), ('448','192.168.155.197','Mozilla/5.0 (Windows NT 6.1; Win64; x64; rv:59.0) Gecko/20100101 Firefox/59.0','1','0','2018-04-11 12:25:48','16793e99857536fb75f2ec5fb01a53a3','sys_user','1','0',NULL,'2018-04-11 12:25:48',NULL,'2018-04-11 12:25:48',NULL,NULL), ('449','192.168.155.197','Mozilla/5.0 (Windows NT 6.1; Win64; x64; rv:59.0) Gecko/20100101 Firefox/59.0','1','0','2018-04-11 12:45:35','16793e99857536fb75f2ec5fb01a53a3','sys_user','1','0',NULL,'2018-04-11 12:45:35',NULL,'2018-04-11 12:45:35',NULL,NULL), ('450','192.168.155.197','Mozilla/5.0 (Windows NT 6.1; Win64; x64; rv:59.0) Gecko/20100101 Firefox/59.0','1','0','2018-04-11 14:29:32','a2866bd8f19413803f5b0601737b7565','sys_user','1','0',NULL,'2018-04-11 14:29:32',NULL,'2018-04-11 14:29:32',NULL,NULL), ('451','192.168.155.125','Mozilla/5.0 (Windows NT 6.1; Win64; x64) AppleWebKit/537.36 (KHTML, like Gecko) Chrome/65.0.3325.181 Safari/537.36','1','0','2018-04-11 16:19:28','abfecb5bef450ca37d2ca0ec3f336108','sys_user','1','0',NULL,'2018-04-11 16:19:28',NULL,'2018-04-11 16:19:28',NULL,NULL), ('452','192.168.155.125','Mozilla/5.0 (Windows NT 6.1; Win64; x64) AppleWebKit/537.36 (KHTML, like Gecko) Chrome/65.0.3325.181 Safari/537.36','1','0','2018-04-11 16:19:59','abfecb5bef450ca37d2ca0ec3f336108','sys_user','1','0',NULL,'2018-04-11 16:19:59',NULL,'2018-04-11 16:19:59',NULL,NULL), ('453','192.168.155.197','Mozilla/5.0 (Windows NT 6.1; Win64; x64; rv:59.0) Gecko/20100101 Firefox/59.0','0','1','2018-04-11 17:11:51','45fcd38c8b01fcc3a200f8180e5e0220','sys_user','skyadmin','0',NULL,'2018-04-11 17:11:51',NULL,'2018-04-11 17:11:51',NULL,NULL), ('454','192.168.155.197','Mozilla/5.0 (Windows NT 6.1; Win64; x64; rv:59.0) Gecko/20100101 Firefox/59.0','0','1','2018-04-11 17:11:55','45fcd38c8b01fcc3a200f8180e5e0220','sys_user','skyadmin','0',NULL,'2018-04-11 17:11:55',NULL,'2018-04-11 17:11:55',NULL,NULL), ('455','192.168.155.197','Mozilla/5.0 (Windows NT 6.1; Win64; x64; rv:59.0) Gecko/20100101 Firefox/59.0','1','0','2018-04-11 17:44:20','45fcd38c8b01fcc3a200f8180e5e0220','sys_user','1','0',NULL,'2018-04-11 17:44:20',NULL,'2018-04-11 17:44:20',NULL,NULL), ('456','192.168.155.197','Mozilla/5.0 (Windows NT 6.1; Win64; x64; rv:59.0) Gecko/20100101 Firefox/59.0','1','0','2018-04-12 09:42:42','60fed180b10349a31fdc325fe8b9cd80','sys_user','1','0',NULL,'2018-04-12 09:42:42',NULL,'2018-04-12 09:42:42',NULL,NULL), ('457','192.168.155.197','Mozilla/5.0 (Windows NT 6.1; Win64; x64; rv:59.0) Gecko/20100101 Firefox/59.0','0','1','2018-04-12 15:53:18','af4dd0f6e2bb36395d219ab6160ec499','sys_user','skyadmin','0',NULL,'2018-04-12 15:53:18',NULL,'2018-04-12 15:53:18',NULL,NULL), ('458','192.168.155.197','Mozilla/5.0 (Windows NT 6.1; Win64; x64; rv:59.0) Gecko/20100101 Firefox/59.0','0','1','2018-04-12 15:53:23','af4dd0f6e2bb36395d219ab6160ec499','sys_user','skyadmin','0',NULL,'2018-04-12 15:53:23',NULL,'2018-04-12 15:53:23',NULL,NULL), ('459','192.168.155.197','Mozilla/5.0 (Windows NT 6.1; Win64; x64; rv:59.0) Gecko/20100101 Firefox/59.0','1','0','2018-04-12 15:53:27','af4dd0f6e2bb36395d219ab6160ec499','sys_user','1','0',NULL,'2018-04-12 15:53:27',NULL,'2018-04-12 15:53:27',NULL,NULL), ('460','192.168.155.197','Mozilla/5.0 (Windows NT 6.1; Win64; x64; rv:59.0) Gecko/20100101 Firefox/59.0','0','1','2018-04-12 16:04:55','af4dd0f6e2bb36395d219ab6160ec499','sys_user','admin','0',NULL,'2018-04-12 16:04:55',NULL,'2018-04-12 16:04:55',NULL,NULL), ('461','192.168.155.197','Mozilla/5.0 (Windows NT 6.1; Win64; x64; rv:59.0) Gecko/20100101 Firefox/59.0','1','0','2018-04-12 16:05:01','af4dd0f6e2bb36395d219ab6160ec499','sys_user','2','0',NULL,'2018-04-12 16:05:01',NULL,'2018-04-12 16:05:01',NULL,NULL), ('462','192.168.155.165','Mozilla/5.0 (Windows NT 6.1; Win64; x64) AppleWebKit/537.36 (KHTML, like Gecko) Chrome/65.0.3325.181 Safari/537.36','1','0','2018-04-16 11:29:37','4a8eafbc607d8e3cd9e4251c993a03c7','sys_user','1','0',NULL,'2018-04-16 11:29:37',NULL,'2018-04-16 11:29:37',NULL,NULL), ('463','192.168.155.197','Mozilla/5.0 (Windows NT 6.1; Win64; x64; rv:59.0) Gecko/20100101 Firefox/59.0','0','1','2018-04-18 17:07:54','ade764fef46fad389673f58ec9f9a43a','sys_user','skyadmin','0',NULL,'2018-04-18 17:07:54',NULL,'2018-04-18 17:07:54',NULL,NULL), ('464','192.168.155.197','Mozilla/5.0 (Windows NT 6.1; Win64; x64; rv:59.0) Gecko/20100101 Firefox/59.0','0','1','2018-04-18 17:08:00','ade764fef46fad389673f58ec9f9a43a','sys_user','skyadmin','0',NULL,'2018-04-18 17:08:00',NULL,'2018-04-18 17:08:00',NULL,NULL), ('465','192.168.155.197','Mozilla/5.0 (Windows NT 6.1; Win64; x64; rv:59.0) Gecko/20100101 Firefox/59.0','0','1','2018-04-18 17:34:21','ade764fef46fad389673f58ec9f9a43a','sys_user','skyadmin','0',NULL,'2018-04-18 17:34:21',NULL,'2018-04-18 17:34:21',NULL,NULL), ('466','192.168.155.197','Mozilla/5.0 (Windows NT 6.1; Win64; x64; rv:59.0) Gecko/20100101 Firefox/59.0','0','1','2018-04-18 17:35:14','ade764fef46fad389673f58ec9f9a43a','sys_user','admin','0',NULL,'2018-04-18 17:35:14',NULL,'2018-04-18 17:35:14',NULL,NULL), ('467','192.168.155.197','Mozilla/5.0 (Windows NT 6.1; Win64; x64; rv:59.0) Gecko/20100101 Firefox/59.0','0','1','2018-04-18 17:35:20','ade764fef46fad389673f58ec9f9a43a','sys_user','skyadmin','0',NULL,'2018-04-18 17:35:20',NULL,'2018-04-18 17:35:20',NULL,NULL), ('468','192.168.155.197','Mozilla/5.0 (Windows NT 6.1; Win64; x64; rv:59.0) Gecko/20100101 Firefox/59.0','0','1','2018-04-18 17:41:40','ade764fef46fad389673f58ec9f9a43a','sys_user','skyadmin','0',NULL,'2018-04-18 17:41:40',NULL,'2018-04-18 17:41:40',NULL,NULL), ('469','192.168.155.197','Mozilla/5.0 (Windows NT 6.1; Win64; x64; rv:59.0) Gecko/20100101 Firefox/59.0','0','1','2018-04-18 17:41:46','ade764fef46fad389673f58ec9f9a43a','sys_user','skyadmin','0',NULL,'2018-04-18 17:41:46',NULL,'2018-04-18 17:41:46',NULL,NULL), ('470','192.168.155.197','Mozilla/5.0 (Windows NT 6.1; Win64; x64; rv:59.0) Gecko/20100101 Firefox/59.0','1','0','2018-04-18 18:01:55','ade764fef46fad389673f58ec9f9a43a','sys_user','1','0',NULL,'2018-04-18 18:01:55',NULL,'2018-04-18 18:01:55',NULL,NULL), ('471','192.168.155.125','Mozilla/5.0 (Windows NT 6.1; Win64; x64) AppleWebKit/537.36 (KHTML, like Gecko) Chrome/65.0.3325.181 Safari/537.36','1','0','2018-04-18 18:15:01','2de72c84abab896b0a07cee52fda7d86','sys_user','1','0',NULL,'2018-04-18 18:15:01',NULL,'2018-04-18 18:15:01',NULL,NULL), ('472','192.168.155.197','Mozilla/5.0 (Windows NT 6.1; Win64; x64; rv:59.0) Gecko/20100101 Firefox/59.0','1','0','2018-04-19 11:16:31','dc7b89e8081fdd47256837c1c68d0e75','sys_user','1','0',NULL,'2018-04-19 11:16:31',NULL,'2018-04-19 11:16:31',NULL,NULL), ('473','192.168.155.165','Mozilla/5.0 (Windows NT 6.1; Win64; x64) AppleWebKit/537.36 (KHTML, like Gecko) Chrome/65.0.3325.181 Safari/537.36','1','0','2018-04-20 14:16:27','f1b4f1d6ad977b8f4c8efaa9d6a13afb','sys_user','1','0',NULL,'2018-04-20 14:16:27',NULL,'2018-04-20 14:16:27',NULL,NULL), ('474','192.168.155.165','Mozilla/5.0 (Windows NT 6.1; Win64; x64) AppleWebKit/537.36 (KHTML, like Gecko) Chrome/65.0.3325.181 Safari/537.36','1','0','2018-04-20 17:51:54','1e8f28cb8c8d40e4023b916756b4da60','sys_user','1','0',NULL,'2018-04-20 17:51:54',NULL,'2018-04-20 17:51:54',NULL,NULL), ('475','192.168.155.165','Mozilla/5.0 (Windows NT 6.1; Win64; x64) AppleWebKit/537.36 (KHTML, like Gecko) Chrome/65.0.3325.181 Safari/537.36','1','0','2018-04-23 10:15:02','c25ec83bc20bd40f3d1aeef943b10efe','sys_user','1','0',NULL,'2018-04-23 10:15:02',NULL,'2018-04-23 10:15:02',NULL,NULL), ('476','192.168.155.165','Mozilla/5.0 (Windows NT 6.1; Win64; x64) AppleWebKit/537.36 (KHTML, like Gecko) Chrome/65.0.3325.181 Safari/537.36','1','0','2018-04-24 16:26:20','5facc9b18855cc4b7300f2e8039b5bb6','sys_user','1','0',NULL,'2018-04-24 16:26:20',NULL,'2018-04-24 16:26:20',NULL,NULL), ('477','192.168.155.165','Mozilla/5.0 (Windows NT 6.1; Win64; x64) AppleWebKit/537.36 (KHTML, like Gecko) Chrome/65.0.3325.181 Safari/537.36','1','0','2018-04-24 16:26:30','5facc9b18855cc4b7300f2e8039b5bb6','sys_user','1','0',NULL,'2018-04-24 16:26:30',NULL,'2018-04-24 16:26:30',NULL,NULL), ('478','192.168.155.165','Mozilla/5.0 (Windows NT 6.1; Win64; x64) AppleWebKit/537.36 (KHTML, like Gecko) Chrome/65.0.3325.181 Safari/537.36','1','0','2018-04-24 16:26:38','5facc9b18855cc4b7300f2e8039b5bb6','sys_user','1','0',NULL,'2018-04-24 16:26:38',NULL,'2018-04-24 16:26:38',NULL,NULL);
INSERT INTO `login_log` VALUES ('479','192.168.155.165','Mozilla/5.0 (Windows NT 6.1; Win64; x64) AppleWebKit/537.36 (KHTML, like Gecko) Chrome/65.0.3325.181 Safari/537.36','1','0','2018-04-24 16:30:55','5facc9b18855cc4b7300f2e8039b5bb6','sys_user','1','0',NULL,'2018-04-24 16:30:55',NULL,'2018-04-24 16:30:55',NULL,NULL), ('480','192.168.155.197','Mozilla/5.0 (Windows NT 6.1; Win64; x64; rv:59.0) Gecko/20100101 Firefox/59.0','1','0','2018-04-24 16:33:12','c7cf7332c6b4692f0591269b4bb8cf56','sys_user','1','0',NULL,'2018-04-24 16:33:12',NULL,'2018-04-24 16:33:12',NULL,NULL), ('481','192.168.155.186','Mozilla/5.0 (Windows NT 6.1; Win64; x64; rv:59.0) Gecko/20100101 Firefox/59.0','1','0','2018-04-26 16:21:04','c6107768a8ab4115f49fa0785d1dfc3b','sys_user','1','0',NULL,'2018-04-26 16:21:04',NULL,'2018-04-26 16:21:04',NULL,NULL), ('482','192.168.155.197','Mozilla/5.0 (Windows NT 6.1; Win64; x64; rv:59.0) Gecko/20100101 Firefox/59.0','0','1','2018-05-03 12:33:41','538fc688128acd42b04f34e8ed1bd71b','sys_user','skyadmin','0',NULL,'2018-05-03 12:33:41',NULL,'2018-05-03 12:33:41',NULL,NULL), ('483','192.168.155.197','Mozilla/5.0 (Windows NT 6.1; Win64; x64; rv:59.0) Gecko/20100101 Firefox/59.0','1','0','2018-05-03 12:33:47','538fc688128acd42b04f34e8ed1bd71b','sys_user','1','0',NULL,'2018-05-03 12:33:47',NULL,'2018-05-03 12:33:47',NULL,NULL), ('484','192.168.155.197','Mozilla/5.0 (Windows NT 6.1; WOW64; Trident/7.0; rv:11.0) like Gecko','1','0','2018-05-03 15:35:36','1bdb12ce4b00adbfb90baf9c252fd29a','sys_user','1','0',NULL,'2018-05-03 15:35:36',NULL,'2018-05-03 15:35:36',NULL,NULL), ('485','192.168.155.197','Mozilla/5.0 (Windows NT 6.1; Win64; x64; rv:59.0) Gecko/20100101 Firefox/59.0','1','0','2018-05-03 16:32:56','b833d0a082205c1bb69a0d4d3e197416','sys_user','1','0',NULL,'2018-05-03 16:32:56',NULL,'2018-05-03 16:32:56',NULL,NULL), ('486','192.168.155.197','Mozilla/5.0 (Windows NT 6.1; Win64; x64; rv:59.0) Gecko/20100101 Firefox/59.0','1','0','2018-05-03 17:20:27','d40f14fd01d824908fb0a1ddc22899bf','sys_user','1','0',NULL,'2018-05-03 17:20:27',NULL,'2018-05-03 17:20:27',NULL,NULL), ('487','192.168.155.197','Mozilla/5.0 (Windows NT 6.1; Win64; x64) AppleWebKit/537.36 (KHTML, like Gecko) Chrome/66.0.3359.139 Safari/537.36','1','0','2018-05-14 17:01:26','d09f5ee9348ca85f76c6d9dfc275db24','sys_user','1','0',NULL,'2018-05-14 17:01:26',NULL,'2018-05-14 17:01:26',NULL,NULL), ('493','::1','Mozilla/5.0 (Windows NT 6.1; Win64; x64) AppleWebKit/537.36 (KHTML, like Gecko) Chrome/66.0.3359.139 Safari/537.36','0','1','2018-05-15 06:33:01','sut903jr0r5trk0virianvo4p4','sys_user','skyadmin','0',NULL,'2018-05-15 06:33:01',NULL,'2018-05-15 06:33:01',NULL,NULL), ('494','::1','Mozilla/5.0 (Windows NT 6.1; Win64; x64) AppleWebKit/537.36 (KHTML, like Gecko) Chrome/66.0.3359.139 Safari/537.36','1','0','2018-05-15 06:34:27','sut903jr0r5trk0virianvo4p4','sys_user','1','0',NULL,'2018-05-15 06:34:27',NULL,'2018-05-15 06:34:27',NULL,NULL), ('495','192.168.155.190','Mozilla/5.0 (Windows NT 6.1; Win64; x64) AppleWebKit/537.36 (KHTML, like Gecko) Chrome/63.0.3239.132 Safari/537.36','1','0','2018-05-15 14:46:03','t9n8ug44jvdstvrsvqc37l9d10','sys_user','1','0',NULL,'2018-05-15 14:46:03',NULL,'2018-05-15 14:46:03',NULL,NULL), ('496','::1','Mozilla/5.0 (Windows NT 6.1; Win64; x64) AppleWebKit/537.36 (KHTML, like Gecko) Chrome/66.0.3359.139 Safari/537.36','1','0','2018-05-15 09:15:18','u3b2c3nofa6c125dmsqn60n7l0','sys_user','1','0',NULL,'2018-05-15 09:15:18',NULL,'2018-05-15 09:15:18',NULL,NULL), ('497','::1','Mozilla/5.0 (Windows NT 6.1; Win64; x64) AppleWebKit/537.36 (KHTML, like Gecko) Chrome/66.0.3359.139 Safari/537.36','1','0','2018-05-15 09:21:03','u3b2c3nofa6c125dmsqn60n7l0','sys_user','1','0',NULL,'2018-05-15 09:21:03',NULL,'2018-05-15 09:21:03',NULL,NULL), ('498','192.168.155.197','Mozilla/5.0 (Windows NT 6.1; Win64; x64) AppleWebKit/537.36 (KHTML, like Gecko) Chrome/66.0.3359.139 Safari/537.36','1','0','2018-05-15 16:57:44','b2b22a1b0d10bbd179e8995933fce1b4','sys_user','1','0',NULL,'2018-05-15 16:57:44',NULL,'2018-05-15 16:57:44',NULL,NULL), ('499','::1','Mozilla/5.0 (Windows NT 6.1; Win64; x64) AppleWebKit/537.36 (KHTML, like Gecko) Chrome/66.0.3359.139 Safari/537.36','1','0','2018-05-16 03:54:10','3ha4dmomgsedssvfmens5mk3o1','sys_user','1','0',NULL,'2018-05-16 03:54:10',NULL,'2018-05-16 03:54:10',NULL,NULL), ('500','::1','Mozilla/5.0 (Windows NT 6.1; WOW64; Trident/7.0; rv:11.0) like Gecko','0','1','2018-05-16 04:27:51','vk8btmqd1m6uulpjcl8gf84la0','sys_user','user','0',NULL,'2018-05-16 04:27:51',NULL,'2018-05-16 04:27:51',NULL,NULL), ('501','::1','Mozilla/5.0 (Windows NT 6.1; WOW64; Trident/7.0; rv:11.0) like Gecko','0','1','2018-05-16 04:28:25','vk8btmqd1m6uulpjcl8gf84la0','sys_user','user','0',NULL,'2018-05-16 04:28:25',NULL,'2018-05-16 04:28:25',NULL,NULL), ('502','::1','Mozilla/5.0 (Windows NT 6.1; WOW64; Trident/7.0; rv:11.0) like Gecko','0','1','2018-05-16 04:28:30','vk8btmqd1m6uulpjcl8gf84la0','sys_user','user','0',NULL,'2018-05-16 04:28:30',NULL,'2018-05-16 04:28:30',NULL,NULL), ('503','::1','Mozilla/5.0 (Windows NT 6.1; WOW64; Trident/7.0; rv:11.0) like Gecko','1','0','2018-05-16 04:28:38','vk8btmqd1m6uulpjcl8gf84la0','sys_user','1','0',NULL,'2018-05-16 04:28:38',NULL,'2018-05-16 04:28:38',NULL,NULL), ('504','::1','Mozilla/4.0 (compatible; MSIE 7.0; Windows NT 6.1; WOW64; Trident/7.0; SLCC2; .NET CLR 2.0.50727; .NET CLR 3.5.30729; .NET CLR 3.0.30729; .NET4.0C; .NET4.0E; Media Center PC 6.0; InfoPath.3)','0','1','2018-05-16 04:32:50','vk8btmqd1m6uulpjcl8gf84la0','sys_user','skyadmin','0',NULL,'2018-05-16 04:32:50',NULL,'2018-05-16 04:32:50',NULL,NULL), ('505','::1','Mozilla/4.0 (compatible; MSIE 7.0; Windows NT 6.1; WOW64; Trident/7.0; SLCC2; .NET CLR 2.0.50727; .NET CLR 3.5.30729; .NET CLR 3.0.30729; .NET4.0C; .NET4.0E; Media Center PC 6.0; InfoPath.3)','0','1','2018-05-16 04:33:01','vk8btmqd1m6uulpjcl8gf84la0','sys_user','skyadmin','0',NULL,'2018-05-16 04:33:01',NULL,'2018-05-16 04:33:01',NULL,NULL), ('506','::1','Mozilla/5.0 (Windows NT 6.1; WOW64; Trident/7.0; rv:11.0) like Gecko','1','0','2018-05-16 04:38:41','vk8btmqd1m6uulpjcl8gf84la0','sys_user','1','0',NULL,'2018-05-16 04:38:41',NULL,'2018-05-16 04:38:41',NULL,NULL), ('507','::1','Mozilla/5.0 (Windows NT 6.1; Win64; x64) AppleWebKit/537.36 (KHTML, like Gecko) Chrome/66.0.3359.139 Safari/537.36','1','0','2018-05-16 05:07:14','3ha4dmomgsedssvfmens5mk3o1','sys_user','1','0',NULL,'2018-05-16 05:07:14',NULL,'2018-05-16 05:07:14',NULL,NULL), ('508','::1','Mozilla/5.0 (Windows NT 6.1; Win64; x64) AppleWebKit/537.36 (KHTML, like Gecko) Chrome/66.0.3359.139 Safari/537.36','0','1','2018-05-18 10:44:17','dmmt5apempi88dn8hup99r4lm3','sys_user','skyadmin','0',NULL,'2018-05-18 10:44:17',NULL,'2018-05-18 10:44:17',NULL,NULL), ('509','::1','Mozilla/5.0 (Windows NT 6.1; Win64; x64) AppleWebKit/537.36 (KHTML, like Gecko) Chrome/66.0.3359.139 Safari/537.36','1','0','2018-05-18 10:44:26','dmmt5apempi88dn8hup99r4lm3','sys_user','1','0',NULL,'2018-05-18 10:44:26',NULL,'2018-05-18 10:44:26',NULL,NULL), ('510','::1','Mozilla/5.0 (Windows NT 6.1; Win64; x64) AppleWebKit/537.36 (KHTML, like Gecko) Chrome/66.0.3359.139 Safari/537.36','1','0','2018-05-18 11:42:33','ruop8nv1sdb6ulq2brlfmhppq4','sys_user','1','0',NULL,'2018-05-18 11:42:33',NULL,'2018-05-18 11:42:33',NULL,NULL), ('511','192.168.155.125','Mozilla/5.0 (Windows NT 6.1; Win64; x64) AppleWebKit/537.36 (KHTML, like Gecko) Chrome/66.0.3359.139 Safari/537.36','1','0','2018-05-18 16:07:44','254ffbe5ad461625aa6417de9abfe557','sys_user','1','0',NULL,'2018-05-18 16:07:44',NULL,'2018-05-18 16:07:44',NULL,NULL), ('512','223.255.164.254','Mozilla/5.0 (Windows NT 6.1; Win64; x64) AppleWebKit/537.36 (KHTML, like Gecko) Chrome/66.0.3359.181 Safari/537.36','1','0','2018-05-18 18:08:14','te844qftv51l7dr9p8nb2ica06','sys_user','1','0',NULL,'2018-05-18 18:08:14',NULL,'2018-05-18 18:08:14',NULL,NULL), ('513','223.255.164.254','Mozilla/5.0 (Windows NT 6.1; Win64; x64) AppleWebKit/537.36 (KHTML, like Gecko) Chrome/66.0.3359.181 Safari/537.36','1','0','2018-05-21 09:47:15','b1tjso5c994cn4ro7njpnses33','sys_user','1','0',NULL,'2018-05-21 09:47:15',NULL,'2018-05-21 09:47:15',NULL,NULL), ('514','::1','Mozilla/5.0 (Windows NT 6.1; Win64; x64) AppleWebKit/537.36 (KHTML, like Gecko) Chrome/66.0.3359.181 Safari/537.36','1','0','2018-05-28 14:47:12','7p726r5uv62mkmo4qom5oldt34','sys_user','1','0',NULL,'2018-05-28 14:47:12',NULL,'2018-05-28 14:47:12',NULL,NULL), ('515','::1','Mozilla/5.0 (Windows NT 6.1; Win64; x64) AppleWebKit/537.36 (KHTML, like Gecko) Chrome/66.0.3359.181 Safari/537.36','1','0','2018-05-28 14:50:43','7p726r5uv62mkmo4qom5oldt34','sys_user','1','0',NULL,'2018-05-28 14:50:43',NULL,'2018-05-28 14:50:43',NULL,NULL), ('516','::1','Mozilla/5.0 (Windows NT 6.1; Win64; x64) AppleWebKit/537.36 (KHTML, like Gecko) Chrome/66.0.3359.181 Safari/537.36','1','0','2018-05-28 15:35:42','tdcd86093q5bn99jqbdbmevnp2','sys_user','1','0',NULL,'2018-05-28 15:35:42',NULL,'2018-05-28 15:35:42',NULL,NULL), ('517','::1','Mozilla/5.0 (Windows NT 6.1; Win64; x64) AppleWebKit/537.36 (KHTML, like Gecko) Chrome/66.0.3359.181 Safari/537.36','0','1','2018-05-30 16:11:59','fjdegrfjraf4iegv26if5hr370','sys_user','cheungmanwa@gmail.com','0',NULL,'2018-05-30 16:11:59',NULL,'2018-05-30 16:11:59',NULL,NULL), ('518','::1','Mozilla/5.0 (Windows NT 6.1; Win64; x64) AppleWebKit/537.36 (KHTML, like Gecko) Chrome/66.0.3359.181 Safari/537.36','1','0','2018-05-30 16:24:47','fjdegrfjraf4iegv26if5hr370','sys_user','1','0',NULL,'2018-05-30 16:24:47',NULL,'2018-05-30 16:24:47',NULL,NULL), ('519','::1','Mozilla/5.0 (Windows NT 6.1; Win64; x64) AppleWebKit/537.36 (KHTML, like Gecko) Chrome/66.0.3359.181 Safari/537.36','0','1','2018-05-31 12:58:29','vllvumia94b5dp0i4gpak5b541','sys_user','cheungmanwa@gmail.com','0',NULL,'2018-05-31 12:58:29',NULL,'2018-05-31 12:58:29',NULL,NULL), ('520','::1','Mozilla/5.0 (Windows NT 6.1; Win64; x64) AppleWebKit/537.36 (KHTML, like Gecko) Chrome/66.0.3359.181 Safari/537.36','0','1','2018-05-31 12:58:31','vllvumia94b5dp0i4gpak5b541','sys_user','cheungmanwa@gmail.com','0',NULL,'2018-05-31 12:58:31',NULL,'2018-05-31 12:58:31',NULL,NULL), ('521','::1','Mozilla/5.0 (Windows NT 6.1; Win64; x64) AppleWebKit/537.36 (KHTML, like Gecko) Chrome/66.0.3359.181 Safari/537.36','1','0','2018-05-31 12:58:44','vllvumia94b5dp0i4gpak5b541','sys_user','1','0',NULL,'2018-05-31 12:58:44',NULL,'2018-05-31 12:58:44',NULL,NULL), ('522','::1','Mozilla/5.0 (Windows NT 6.1; Win64; x64) AppleWebKit/537.36 (KHTML, like Gecko) Chrome/66.0.3359.181 Safari/537.36','1','0','2018-05-31 13:00:19','vllvumia94b5dp0i4gpak5b541','sys_user','1','0',NULL,'2018-05-31 13:00:19',NULL,'2018-05-31 13:00:19',NULL,NULL), ('523','::1','Mozilla/5.0 (Windows NT 6.1; Win64; x64) AppleWebKit/537.36 (KHTML, like Gecko) Chrome/66.0.3359.181 Safari/537.36','1','0','2018-05-31 15:49:33','c8l01lhdq28akpgb9esd49gs84','sys_user','1','0',NULL,'2018-05-31 15:49:33',NULL,'2018-05-31 15:49:33',NULL,NULL), ('524','::1','Mozilla/5.0 (Windows NT 6.1; Win64; x64) AppleWebKit/537.36 (KHTML, like Gecko) Chrome/66.0.3359.181 Safari/537.36','1','0','2018-05-31 15:56:39','c8l01lhdq28akpgb9esd49gs84','sys_user','1','0',NULL,'2018-05-31 15:56:39',NULL,'2018-05-31 15:56:39',NULL,NULL), ('525','::1','Mozilla/5.0 (Windows NT 6.1; Win64; x64) AppleWebKit/537.36 (KHTML, like Gecko) Chrome/66.0.3359.181 Safari/537.36','1','0','2018-05-31 16:54:07','br7mckmtelp5tqi9pmu9s6p6i1','sys_user','1','0',NULL,'2018-05-31 16:54:07',NULL,'2018-05-31 16:54:07',NULL,NULL), ('526','192.168.155.165','Mozilla/5.0 (Windows NT 6.1; Win64; x64) AppleWebKit/537.36 (KHTML, like Gecko) Chrome/66.0.3359.181 Safari/537.36','1','0','2018-06-01 15:22:13','4f020a79fe7cf132887785fc653c8a4f','sys_user','1','0',NULL,'2018-06-01 15:22:13',NULL,'2018-06-01 15:22:13',NULL,NULL), ('527','::1','Mozilla/5.0 (Windows NT 6.1; Win64; x64) AppleWebKit/537.36 (KHTML, like Gecko) Chrome/66.0.3359.181 Safari/537.36','1','0','2018-06-01 15:34:37','kha7qvenvikhtmfn8no4etmad3','sys_user','1','0',NULL,'2018-06-01 15:34:37',NULL,'2018-06-01 15:34:37',NULL,NULL), ('528','192.168.155.197','Mozilla/5.0 (Windows NT 6.1; Win64; x64) AppleWebKit/537.36 (KHTML, like Gecko) Chrome/66.0.3359.181 Safari/537.36','0','1','2018-06-06 10:38:41','0fde6f4578bddaf16bebec3f997007cf','sys_user','skyadmin','0',NULL,'2018-06-06 10:38:41',NULL,'2018-06-06 10:38:41',NULL,NULL), ('529','192.168.155.197','Mozilla/5.0 (Windows NT 6.1; Win64; x64) AppleWebKit/537.36 (KHTML, like Gecko) Chrome/66.0.3359.181 Safari/537.36','1','0','2018-06-06 10:38:52','0fde6f4578bddaf16bebec3f997007cf','sys_user','1','0',NULL,'2018-06-06 10:38:52',NULL,'2018-06-06 10:38:52',NULL,NULL), ('530','::1','Mozilla/5.0 (Windows NT 6.1; Win64; x64) AppleWebKit/537.36 (KHTML, like Gecko) Chrome/67.0.3396.87 Safari/537.36','1','0','2018-06-14 16:03:53','41672lphjvuhvudf5udvc53nn4','sys_user','1','0',NULL,'2018-06-14 16:03:53',NULL,'2018-06-14 16:03:53',NULL,NULL), ('531','::1','Mozilla/5.0 (Windows NT 6.1; Win64; x64) AppleWebKit/537.36 (KHTML, like Gecko) Chrome/67.0.3396.87 Safari/537.36','1','0','2018-06-14 16:03:57','41672lphjvuhvudf5udvc53nn4','sys_user','1','0',NULL,'2018-06-14 16:03:57',NULL,'2018-06-14 16:03:57',NULL,NULL), ('532','192.168.155.55','Mozilla/5.0 (Windows NT 6.1; Win64; x64) AppleWebKit/537.36 (KHTML, like Gecko) Chrome/67.0.3396.79 Safari/537.36','1','0','2018-06-19 12:03:33','ede021fb5425053ae3a70018a11a13e4','sys_user','1','0',NULL,'2018-06-19 12:03:33',NULL,'2018-06-19 12:03:33',NULL,NULL), ('533','192.168.155.55','Mozilla/5.0 (Windows NT 6.1; Win64; x64) AppleWebKit/537.36 (KHTML, like Gecko) Chrome/67.0.3396.87 Safari/537.36','1','0','2018-06-20 11:44:08','31c27a01feea3d90ab30276e6804d951','sys_user','1','0',NULL,'2018-06-20 11:44:08',NULL,'2018-06-20 11:44:08',NULL,NULL), ('534','192.168.155.55','Mozilla/5.0 (Windows NT 6.1; Win64; x64) AppleWebKit/537.36 (KHTML, like Gecko) Chrome/67.0.3396.87 Safari/537.36','0','1','2018-06-20 15:32:48','a5a30ae156c73a7a58ec96f74facc52e','sys_user','skyadmin','0',NULL,'2018-06-20 15:32:48',NULL,'2018-06-20 15:32:48',NULL,NULL), ('535','192.168.155.55','Mozilla/5.0 (Windows NT 6.1; Win64; x64) AppleWebKit/537.36 (KHTML, like Gecko) Chrome/67.0.3396.87 Safari/537.36','1','0','2018-06-20 15:32:53','a5a30ae156c73a7a58ec96f74facc52e','sys_user','1','0',NULL,'2018-06-20 15:32:53',NULL,'2018-06-20 15:32:53',NULL,NULL), ('536','192.168.155.55','Mozilla/5.0 (Windows NT 6.1; Win64; x64) AppleWebKit/537.36 (KHTML, like Gecko) Chrome/67.0.3396.87 Safari/537.36','0','1','2018-06-20 16:55:08','a5a30ae156c73a7a58ec96f74facc52e','sys_user','skyadmin','0',NULL,'2018-06-20 16:55:08',NULL,'2018-06-20 16:55:08',NULL,NULL), ('537','192.168.155.55','Mozilla/5.0 (Windows NT 6.1; Win64; x64) AppleWebKit/537.36 (KHTML, like Gecko) Chrome/67.0.3396.87 Safari/537.36','0','1','2018-06-20 16:55:13','a5a30ae156c73a7a58ec96f74facc52e','sys_user','skyadmin','0',NULL,'2018-06-20 16:55:13',NULL,'2018-06-20 16:55:13',NULL,NULL), ('538','192.168.155.55','Mozilla/5.0 (Windows NT 6.1; Win64; x64) AppleWebKit/537.36 (KHTML, like Gecko) Chrome/67.0.3396.87 Safari/537.36','1','0','2018-06-20 16:55:17','a5a30ae156c73a7a58ec96f74facc52e','sys_user','1','0',NULL,'2018-06-20 16:55:17',NULL,'2018-06-20 16:55:17',NULL,NULL), ('539','192.168.155.55','Mozilla/5.0 (Windows NT 6.1; Win64; x64) AppleWebKit/537.36 (KHTML, like Gecko) Chrome/67.0.3396.87 Safari/537.36','1','0','2018-06-21 09:27:15','2747e26d0f2bcd64f985ed6a05373152','sys_user','1','0',NULL,'2018-06-21 09:27:15',NULL,'2018-06-21 09:27:15',NULL,NULL), ('540','192.168.155.57','Mozilla/5.0 (Windows NT 6.1; Win64; x64) AppleWebKit/537.36 (KHTML, like Gecko) Chrome/67.0.3396.87 Safari/537.36','1','0','2018-06-21 09:31:39','1215c2626656cad9fef09ae0e624f951','sys_user','1','0',NULL,'2018-06-21 09:31:39',NULL,'2018-06-21 09:31:39',NULL,NULL), ('541','192.168.155.55','Mozilla/5.0 (Windows NT 6.1; Win64; x64) AppleWebKit/537.36 (KHTML, like Gecko) Chrome/67.0.3396.87 Safari/537.36','0','1','2018-06-21 12:18:56','ad0006599aa6762af78ccadd118c3d6f','sys_user','skyadmin','0',NULL,'2018-06-21 12:18:56',NULL,'2018-06-21 12:18:56',NULL,NULL), ('542','192.168.155.55','Mozilla/5.0 (Windows NT 6.1; Win64; x64) AppleWebKit/537.36 (KHTML, like Gecko) Chrome/67.0.3396.87 Safari/537.36','1','0','2018-06-21 12:19:04','ad0006599aa6762af78ccadd118c3d6f','sys_user','1','0',NULL,'2018-06-21 12:19:04',NULL,'2018-06-21 12:19:04',NULL,NULL), ('543','::1','Mozilla/5.0 (Windows NT 6.1; Win64; x64) AppleWebKit/537.36 (KHTML, like Gecko) Chrome/67.0.3396.87 Safari/537.36','1','0','2018-06-22 11:52:02','sannp5jdmce6dh2jh337e08iu0','sys_user','1','0',NULL,'2018-06-22 11:52:02',NULL,'2018-06-22 11:52:02',NULL,NULL), ('544','192.168.155.55','Mozilla/5.0 (Windows NT 6.1; Win64; x64) AppleWebKit/537.36 (KHTML, like Gecko) Chrome/67.0.3396.87 Safari/537.36','0','1','2018-06-26 10:19:38','54138203d4cc0dac3d04ceb3cec72d85','sys_user','skyadmin','0',NULL,'2018-06-26 10:19:38',NULL,'2018-06-26 10:19:38',NULL,NULL), ('545','192.168.155.55','Mozilla/5.0 (Windows NT 6.1; Win64; x64) AppleWebKit/537.36 (KHTML, like Gecko) Chrome/67.0.3396.87 Safari/537.36','1','0','2018-06-26 10:19:43','54138203d4cc0dac3d04ceb3cec72d85','sys_user','1','0',NULL,'2018-06-26 10:19:43',NULL,'2018-06-26 10:19:43',NULL,NULL), ('546','192.168.155.154','Mozilla/5.0 (Linux; Android 8.0.0; BND-AL10 Build/HONORBND-AL10; wv) AppleWebKit/537.36 (KHTML, like Gecko) Version/4.0 Chrome/67.0.3396.87 Mobile Safari/537.36','1','0','2018-06-26 10:20:29','c65256fa43e3b681037a89fa3521b5bc','sys_user','1','0',NULL,'2018-06-26 10:20:29',NULL,'2018-06-26 10:20:29',NULL,NULL), ('547','192.168.155.165','Mozilla/5.0 (Windows NT 6.1; Win64; x64) AppleWebKit/537.36 (KHTML, like Gecko) Chrome/67.0.3396.87 Safari/537.36','1','0','2018-06-26 15:08:31','6d82535b7c5ac3ada6768f3f5118ad33','sys_user','1','0',NULL,'2018-06-26 15:08:31',NULL,'2018-06-26 15:08:31',NULL,NULL), ('548','192.168.155.57','Mozilla/5.0 (Windows NT 6.1; Win64; x64) AppleWebKit/537.36 (KHTML, like Gecko) Chrome/67.0.3396.99 Safari/537.36','1','0','2018-06-26 16:24:13','f87bdda0d7e15cd02406d27027441cab','sys_user','1','0',NULL,'2018-06-26 16:24:13',NULL,'2018-06-26 16:24:13',NULL,NULL), ('549','::1','Mozilla/5.0 (Windows NT 6.1; Win64; x64) AppleWebKit/537.36 (KHTML, like Gecko) Chrome/67.0.3396.87 Safari/537.36','1','0','2018-06-26 16:48:29','cvqbps9nc0irssr3v9tlrfdgq4','sys_user','1','0',NULL,'2018-06-26 16:48:29',NULL,'2018-06-26 16:48:29',NULL,NULL), ('550','192.168.155.55','Mozilla/5.0 (Windows NT 6.1; Win64; x64) AppleWebKit/537.36 (KHTML, like Gecko) Chrome/67.0.3396.87 Safari/537.36','1','0','2018-06-26 17:49:19','77a68da93d9f6506503888aceaf8a1b6','sys_user','1','0',NULL,'2018-06-26 17:49:19',NULL,'2018-06-26 17:49:19',NULL,NULL), ('551','192.168.155.165','Mozilla/5.0 (Windows NT 6.1; Win64; x64) AppleWebKit/537.36 (KHTML, like Gecko) Chrome/67.0.3396.87 Safari/537.36','1','0','2018-06-27 17:58:49','9e3a6b41412a320670337a709101c952','sys_user','1','0',NULL,'2018-06-27 17:58:49',NULL,'2018-06-27 17:58:49',NULL,NULL), ('552','192.168.155.57','Mozilla/5.0 (Windows NT 6.1; Win64; x64) AppleWebKit/537.36 (KHTML, like Gecko) Chrome/67.0.3396.99 Safari/537.36','1','0','2018-06-28 12:52:15','2641e3842769c62fca4b174212cee34f','sys_user','1','0',NULL,'2018-06-28 12:52:15',NULL,'2018-06-28 12:52:15',NULL,NULL), ('553','::1','Mozilla/5.0 (Windows NT 6.1; Win64; x64) AppleWebKit/537.36 (KHTML, like Gecko) Chrome/67.0.3396.99 Safari/537.36','1','0','2018-06-28 15:46:35','dpc7s1p0ui2abhkhs8kde8gu66','sys_user','1','0',NULL,'2018-06-28 15:46:35',NULL,'2018-06-28 15:46:35',NULL,NULL), ('554','::1','Mozilla/5.0 (Windows NT 6.1; Win64; x64) AppleWebKit/537.36 (KHTML, like Gecko) Chrome/67.0.3396.99 Safari/537.36','0','1','2018-06-29 16:02:11','bjssj28185bc4aqffiac6j7pt2','sys_user','test@gmail.com','0',NULL,'2018-06-29 16:02:11',NULL,'2018-06-29 16:02:11',NULL,NULL), ('555','::1','Mozilla/5.0 (Windows NT 6.1; Win64; x64) AppleWebKit/537.36 (KHTML, like Gecko) Chrome/67.0.3396.99 Safari/537.36','1','0','2018-06-29 16:02:15','bjssj28185bc4aqffiac6j7pt2','sys_user','1','0',NULL,'2018-06-29 16:02:15',NULL,'2018-06-29 16:02:15',NULL,NULL), ('556','::1','Mozilla/5.0 (Windows NT 6.1; Win64; x64) AppleWebKit/537.36 (KHTML, like Gecko) Chrome/67.0.3396.99 Safari/537.36','1','0','2018-07-03 09:45:00','eug7o6p8buj6fa905e721enju3','sys_user','1','0',NULL,'2018-07-03 09:45:00',NULL,'2018-07-03 09:45:00',NULL,NULL), ('557','192.168.155.55','Mozilla/5.0 (Windows NT 6.1; Win64; x64) AppleWebKit/537.36 (KHTML, like Gecko) Chrome/67.0.3396.99 Safari/537.36','1','0','2018-07-03 12:24:48','6eeb2727e99fb5752822aaa9e42443a3','sys_user','1','0',NULL,'2018-07-03 12:24:48',NULL,'2018-07-03 12:24:48',NULL,NULL), ('558','192.168.155.165','Mozilla/5.0 (Windows NT 6.1; Win64; x64) AppleWebKit/537.36 (KHTML, like Gecko) Chrome/67.0.3396.99 Safari/537.36','1','0','2018-07-11 10:54:12','fa7b373174cf08b3b78af7d51a09565d','sys_user','1','0',NULL,'2018-07-11 10:54:12',NULL,'2018-07-11 10:54:12',NULL,NULL), ('559','192.168.155.57','Mozilla/5.0 (Windows NT 6.1; Win64; x64) AppleWebKit/537.36 (KHTML, like Gecko) Chrome/67.0.3396.99 Safari/537.36','1','0','2018-07-11 14:40:13','d3d82f075632f788a5b761ccd0d8bf25','sys_user','1','0',NULL,'2018-07-11 14:40:13',NULL,'2018-07-11 14:40:13',NULL,NULL), ('560','192.168.155.57','Mozilla/5.0 (Windows NT 6.1; Win64; x64) AppleWebKit/537.36 (KHTML, like Gecko) Chrome/67.0.3396.99 Safari/537.36','1','0','2018-07-16 11:24:27','9c1b1e83aedce547e6668d7a2ff57da5','sys_user','1','0',NULL,'2018-07-16 11:24:27',NULL,'2018-07-16 11:24:27',NULL,NULL), ('561','192.168.155.55','Mozilla/5.0 (Windows NT 6.1; Win64; x64) AppleWebKit/537.36 (KHTML, like Gecko) Chrome/67.0.3396.99 Safari/537.36','1','0','2018-07-18 09:39:41','7d82d00233a2f53e114766e3b4bef224','sys_user','1','0',NULL,'2018-07-18 09:39:41',NULL,'2018-07-18 09:39:41',NULL,NULL), ('562','192.168.155.58','Mozilla/5.0 (Windows NT 6.1; Win64; x64) AppleWebKit/537.36 (KHTML, like Gecko) Chrome/67.0.3396.99 Safari/537.36','1','0','2018-07-23 11:46:31','8c19a3e7c355d7d2f1eb2066eb14ec93','sys_user','1','0',NULL,'2018-07-23 11:46:31',NULL,'2018-07-23 11:46:31',NULL,NULL), ('563','::1','Mozilla/5.0 (Windows NT 6.1; Win64; x64) AppleWebKit/537.36 (KHTML, like Gecko) Chrome/67.0.3396.99 Safari/537.36','1','0','2018-07-25 10:23:28','nb95un3cc957tl365sct8frjd2','sys_user','1','0',NULL,'2018-07-25 10:23:28',NULL,'2018-07-25 10:23:28',NULL,NULL), ('564','192.168.155.145','Mozilla/5.0 (Windows NT 6.1; Win64; x64) AppleWebKit/537.36 (KHTML, like Gecko) Chrome/67.0.3396.99 Safari/537.36','0','1','2018-08-02 17:44:48','1eceb5041b9c4bc0b7c606984cf88401','sys_user','user','0',NULL,'2018-08-02 17:44:48',NULL,'2018-08-02 17:44:48',NULL,NULL), ('565','192.168.155.145','Mozilla/5.0 (Windows NT 6.1; Win64; x64) AppleWebKit/537.36 (KHTML, like Gecko) Chrome/67.0.3396.99 Safari/537.36','0','1','2018-08-02 17:44:53','1eceb5041b9c4bc0b7c606984cf88401','sys_user','user','0',NULL,'2018-08-02 17:44:53',NULL,'2018-08-02 17:44:53',NULL,NULL), ('566','192.168.155.145','Mozilla/5.0 (Windows NT 6.1; Win64; x64) AppleWebKit/537.36 (KHTML, like Gecko) Chrome/67.0.3396.99 Safari/537.36','1','0','2018-08-02 17:44:59','1eceb5041b9c4bc0b7c606984cf88401','sys_user','3','0',NULL,'2018-08-02 17:44:59',NULL,'2018-08-02 17:44:59',NULL,NULL), ('567','192.168.155.145','Mozilla/5.0 (Windows NT 6.1; Win64; x64) AppleWebKit/537.36 (KHTML, like Gecko) Chrome/67.0.3396.99 Safari/537.36','0','1','2018-08-02 17:55:11','7c436786de6c6feb8ebe84e384dd9a96','sys_user','skyadmin','0',NULL,'2018-08-02 17:55:11',NULL,'2018-08-02 17:55:11',NULL,NULL), ('568','192.168.155.145','Mozilla/5.0 (Windows NT 6.1; Win64; x64) AppleWebKit/537.36 (KHTML, like Gecko) Chrome/67.0.3396.99 Safari/537.36','0','1','2018-08-02 17:55:18','7c436786de6c6feb8ebe84e384dd9a96','sys_user','skyadmin','0',NULL,'2018-08-02 17:55:18',NULL,'2018-08-02 17:55:18',NULL,NULL), ('569','192.168.155.145','Mozilla/5.0 (Windows NT 6.1; Win64; x64) AppleWebKit/537.36 (KHTML, like Gecko) Chrome/67.0.3396.99 Safari/537.36','0','1','2018-08-02 17:55:23','7c436786de6c6feb8ebe84e384dd9a96','sys_user','skyadmin','0',NULL,'2018-08-02 17:55:23',NULL,'2018-08-02 17:55:23',NULL,NULL), ('570','192.168.155.145','Mozilla/5.0 (Windows NT 6.1; Win64; x64) AppleWebKit/537.36 (KHTML, like Gecko) Chrome/67.0.3396.99 Safari/537.36','0','1','2018-08-02 17:55:29','7c436786de6c6feb8ebe84e384dd9a96','sys_user','skyadmin','0',NULL,'2018-08-02 17:55:29',NULL,'2018-08-02 17:55:29',NULL,NULL), ('571','192.168.155.145','Mozilla/5.0 (Windows NT 6.1; Win64; x64) AppleWebKit/537.36 (KHTML, like Gecko) Chrome/67.0.3396.99 Safari/537.36','1','0','2018-08-02 17:55:35','7c436786de6c6feb8ebe84e384dd9a96','sys_user','1','0',NULL,'2018-08-02 17:55:35',NULL,'2018-08-02 17:55:35',NULL,NULL), ('572','192.168.155.145','Mozilla/5.0 (Windows NT 6.1; Win64; x64; rv:61.0) Gecko/20100101 Firefox/61.0','1','0','2018-08-02 17:56:46','325898cb4a5f5aa97bd5f102972f32e5','sys_user','3','0',NULL,'2018-08-02 17:56:46',NULL,'2018-08-02 17:56:46',NULL,NULL), ('573','::1','Mozilla/5.0 (Windows NT 6.1; Win64; x64) AppleWebKit/537.36 (KHTML, like Gecko) Chrome/68.0.3440.84 Safari/537.36','0','1','2018-08-07 11:32:21','9stuc4bcq0usv0m856n8j86q62','sys_user','user','0',NULL,'2018-08-07 11:32:21',NULL,'2018-08-07 11:32:21',NULL,NULL), ('574','::1','Mozilla/5.0 (Windows NT 6.1; Win64; x64) AppleWebKit/537.36 (KHTML, like Gecko) Chrome/68.0.3440.84 Safari/537.36','1','0','2018-08-07 11:32:25','9stuc4bcq0usv0m856n8j86q62','sys_user','1','0',NULL,'2018-08-07 11:32:25',NULL,'2018-08-07 11:32:25',NULL,NULL), ('575','::1','Mozilla/5.0 (Windows NT 6.1; Win64; x64) AppleWebKit/537.36 (KHTML, like Gecko) Chrome/68.0.3440.84 Safari/537.36','1','0','2018-08-07 11:32:43','9stuc4bcq0usv0m856n8j86q62','sys_user','3','0',NULL,'2018-08-07 11:32:43',NULL,'2018-08-07 11:32:43',NULL,NULL), ('576','::1','Mozilla/5.0 (Windows NT 6.1; Win64; x64) AppleWebKit/537.36 (KHTML, like Gecko) Chrome/68.0.3440.84 Safari/537.36','1','0','2018-08-07 14:57:03','msgafel9124sabacasi9psma32','sys_user','1','0',NULL,'2018-08-07 14:57:03',NULL,'2018-08-07 14:57:03',NULL,NULL), ('577','::1','Mozilla/5.0 (Windows NT 6.1; Win64; x64) AppleWebKit/537.36 (KHTML, like Gecko) Chrome/68.0.3440.84 Safari/537.36','1','0','2018-08-08 12:05:02','mchdju91ilchcjlugpl4p3tuf7','sys_user','1','0',NULL,'2018-08-08 12:05:02',NULL,'2018-08-08 12:05:02',NULL,NULL), ('578','::1','Mozilla/5.0 (Windows NT 6.1; Win64; x64) AppleWebKit/537.36 (KHTML, like Gecko) Chrome/68.0.3440.84 Safari/537.36','1','0','2018-08-09 14:56:35','9lommik93835qtho6omjm0aji0','sys_user','1','0',NULL,'2018-08-09 14:56:35',NULL,'2018-08-09 14:56:35',NULL,NULL), ('579','::1','Mozilla/5.0 (Windows NT 6.1; Win64; x64) AppleWebKit/537.36 (KHTML, like Gecko) Chrome/68.0.3440.84 Safari/537.36','1','0','2018-08-09 14:58:56','9lommik93835qtho6omjm0aji0','sys_user','1','0',NULL,'2018-08-09 14:58:56',NULL,'2018-08-09 14:58:56',NULL,NULL), ('580','::1','Mozilla/5.0 (Windows NT 6.1; Win64; x64) AppleWebKit/537.36 (KHTML, like Gecko) Chrome/68.0.3440.106 Safari/537.36','1','0','2018-08-13 10:10:00','4bpmfi2lhb49paq85q3c6c6ne2','sys_user','1','0',NULL,'2018-08-13 10:10:00',NULL,'2018-08-13 10:10:00',NULL,NULL), ('581','::1','Mozilla/5.0 (Windows NT 6.1; Win64; x64) AppleWebKit/537.36 (KHTML, like Gecko) Chrome/68.0.3440.106 Safari/537.36','1','0','2018-08-13 14:15:06','ikfc8dg8komgi9de5opn3gesd6','sys_user','1','0',NULL,'2018-08-13 14:15:06',NULL,'2018-08-13 14:15:06',NULL,NULL), ('582','192.168.155.57','Mozilla/5.0 (Windows NT 6.1; Win64; x64) AppleWebKit/537.36 (KHTML, like Gecko) Chrome/68.0.3440.106 Safari/537.36','1','0','2018-08-16 09:56:36','544dd7e49d98c653e9e1fb21ee1bd08d','sys_user','1','0',NULL,'2018-08-16 09:56:36',NULL,'2018-08-16 09:56:36',NULL,NULL), ('583','192.168.155.57','Mozilla/5.0 (Windows NT 6.1; Win64; x64) AppleWebKit/537.36 (KHTML, like Gecko) Chrome/68.0.3440.106 Safari/537.36','1','0','2018-08-16 14:16:59','9ccc0a8919c21475d77d69d74616d239','sys_user','1','0',NULL,'2018-08-16 14:16:59',NULL,'2018-08-16 14:16:59',NULL,NULL);
INSERT INTO `login_log` VALUES ('584','192.168.155.57','Mozilla/5.0 (Windows NT 6.1; Win64; x64) AppleWebKit/537.36 (KHTML, like Gecko) Chrome/68.0.3440.106 Safari/537.36','1','0','2018-08-16 14:22:04','9ccc0a8919c21475d77d69d74616d239','sys_user','1','0',NULL,'2018-08-16 14:22:04',NULL,'2018-08-16 14:22:04',NULL,NULL), ('585','192.168.155.57','Mozilla/5.0 (Windows NT 6.1; Win64; x64) AppleWebKit/537.36 (KHTML, like Gecko) Chrome/68.0.3440.106 Safari/537.36','1','0','2018-08-17 13:00:15','5e65e56ddb6e4a330e1b692c8df0dac9','sys_user','1','0',NULL,'2018-08-17 13:00:15',NULL,'2018-08-17 13:00:15',NULL,NULL), ('586','::1','Mozilla/5.0 (Windows NT 6.1; Win64; x64) AppleWebKit/537.36 (KHTML, like Gecko) Chrome/68.0.3440.106 Safari/537.36','1','0','2018-08-22 16:16:06','nf2jb2gdce8h8vl5gjv2qe3et3','sys_user','1','0',NULL,'2018-08-22 16:16:06',NULL,'2018-08-22 16:16:06',NULL,NULL), ('587','192.168.155.57','Mozilla/5.0 (Windows NT 6.1; Win64; x64) AppleWebKit/537.36 (KHTML, like Gecko) Chrome/68.0.3440.106 Safari/537.36','1','0','2018-08-22 16:17:10','2ca8ce449aeff7a6e5e6e06cc5dccadd','sys_user','1','0',NULL,'2018-08-22 16:17:10',NULL,'2018-08-22 16:17:10',NULL,NULL), ('588','192.168.155.139','Mozilla/5.0 (Windows NT 6.1; WOW64; Trident/7.0; rv:11.0) like Gecko','1','0','2018-09-03 17:13:47','5860d45b60909279de2615bc8adb8e8f','sys_user','1','0',NULL,'2018-09-03 17:13:47',NULL,'2018-09-03 17:13:47',NULL,NULL), ('589','192.168.155.139','Mozilla/5.0 (Windows NT 6.1; Win64; x64) AppleWebKit/537.36 (KHTML, like Gecko) Chrome/68.0.3440.106 Safari/537.36','1','0','2018-09-03 17:15:06','87daf16b0a593f7e7728899ef997cf5b','sys_user','1','0',NULL,'2018-09-03 17:15:06',NULL,'2018-09-03 17:15:06',NULL,NULL), ('590','192.168.155.165','Mozilla/5.0 (Windows NT 6.1; Win64; x64) AppleWebKit/537.36 (KHTML, like Gecko) Chrome/68.0.3440.106 Safari/537.36','1','0','2018-09-12 11:44:21','2b8feab45399117f2860a32ffa4c232d','sys_user','1','0',NULL,'2018-09-12 11:44:21',NULL,'2018-09-12 11:44:21',NULL,NULL), ('591','192.168.155.165','Mozilla/5.0 (Windows NT 6.1; Win64; x64) AppleWebKit/537.36 (KHTML, like Gecko) Chrome/68.0.3440.106 Safari/537.36','1','0','2018-09-13 16:34:27','10e908396437393c44cbbc65f1f6bca4','sys_user','1','0',NULL,'2018-09-13 16:34:27',NULL,'2018-09-13 16:34:27',NULL,NULL), ('592','::1','Mozilla/5.0 (Windows NT 6.1; Win64; x64) AppleWebKit/537.36 (KHTML, like Gecko) Chrome/69.0.3497.100 Safari/537.36','1','0','2018-09-18 17:42:52','gni3dg13dqnvgblr6djpqmfn94','sys_user','1','0',NULL,'2018-09-18 17:42:52',NULL,'2018-09-18 17:42:52',NULL,NULL), ('593','::1','Mozilla/5.0 (Windows NT 6.1; Win64; x64) AppleWebKit/537.36 (KHTML, like Gecko) Chrome/69.0.3497.100 Safari/537.36','0','1','2018-09-18 18:40:59','gni3dg13dqnvgblr6djpqmfn94','sys_user','skyadmin','0',NULL,'2018-09-18 18:40:59',NULL,'2018-09-18 18:40:59',NULL,NULL), ('594','::1','Mozilla/5.0 (Windows NT 6.1; Win64; x64) AppleWebKit/537.36 (KHTML, like Gecko) Chrome/69.0.3497.100 Safari/537.36','0','1','2018-09-18 18:41:27','gni3dg13dqnvgblr6djpqmfn94','sys_user','skyadmin','0',NULL,'2018-09-18 18:41:27',NULL,'2018-09-18 18:41:27',NULL,NULL), ('595','::1','Mozilla/5.0 (Windows NT 6.1; Win64; x64) AppleWebKit/537.36 (KHTML, like Gecko) Chrome/69.0.3497.100 Safari/537.36','0','1','2018-09-18 18:41:30','gni3dg13dqnvgblr6djpqmfn94','sys_user','skyadmin','0',NULL,'2018-09-18 18:41:30',NULL,'2018-09-18 18:41:30',NULL,NULL), ('596','::1','Mozilla/5.0 (Windows NT 6.1; Win64; x64) AppleWebKit/537.36 (KHTML, like Gecko) Chrome/69.0.3497.100 Safari/537.36','0','1','2018-09-18 18:41:38','gni3dg13dqnvgblr6djpqmfn94','sys_user','skyadmin','0',NULL,'2018-09-18 18:41:38',NULL,'2018-09-18 18:41:38',NULL,NULL), ('597','::1','Mozilla/5.0 (Windows NT 6.1; Win64; x64) AppleWebKit/537.36 (KHTML, like Gecko) Chrome/69.0.3497.100 Safari/537.36','1','0','2018-09-18 18:42:33','gni3dg13dqnvgblr6djpqmfn94','sys_user','1','0',NULL,'2018-09-18 18:42:33',NULL,'2018-09-18 18:42:33',NULL,NULL), ('598','127.0.0.1','Mozilla/5.0 (Windows NT 6.1; Win64; x64; rv:62.0) Gecko/20100101 Firefox/62.0','0','1','2018-09-19 10:13:19','7qv90qb1lltuh77vkq1t01i852','sys_user','skyadmin','0',NULL,'2018-09-19 10:13:19',NULL,'2018-09-19 10:13:19',NULL,NULL), ('599','127.0.0.1','Mozilla/5.0 (Windows NT 6.1; Win64; x64; rv:62.0) Gecko/20100101 Firefox/62.0','0','1','2018-09-19 10:13:25','7qv90qb1lltuh77vkq1t01i852','sys_user','skyadmin','0',NULL,'2018-09-19 10:13:25',NULL,'2018-09-19 10:13:25',NULL,NULL), ('600','192.168.155.34','Mozilla/5.0 (Linux; Android 7.1.1; ONEPLUS A3000 Build/NMF26F) AppleWebKit/537.36 (KHTML, like Gecko) Chrome/69.0.3497.100 Mobile Safari/537.36','1','0','2018-10-04 16:38:59','98bfd1cf281b2fd20053d252216a765c','sys_user','1','0',NULL,'2018-10-04 16:38:59',NULL,'2018-10-04 16:38:59',NULL,NULL), ('601','192.168.155.61','Mozilla/5.0 (iPhone; CPU iPhone OS 12_0 like Mac OS X) AppleWebKit/605.1.15 (KHTML, like Gecko) CriOS/69.0.3497.105 Mobile/15E148 Safari/605.1','1','0','2018-10-04 16:40:52','259dce3ad828edb63d8e1b80d0ea71f4','sys_user','1','0',NULL,'2018-10-04 16:40:52',NULL,'2018-10-04 16:40:52',NULL,NULL), ('602','192.168.155.145','Mozilla/5.0 (Windows NT 6.1; WOW64) AppleWebKit/537.36 (KHTML, like Gecko) Chrome/69.0.3497.100 Safari/537.36 OPR/56.0.3051.36','1','0','2018-10-10 15:08:07','a7123e094015b5ce77a6518b0309f5d0','sys_user','1','0',NULL,'2018-10-10 15:08:07',NULL,'2018-10-10 15:08:07',NULL,NULL), ('603','192.168.155.145','Mozilla/5.0 (Windows NT 6.1; WOW64) AppleWebKit/537.36 (KHTML, like Gecko) Chrome/69.0.3497.100 Safari/537.36 OPR/56.0.3051.36','1','0','2018-10-16 14:56:49','a7123e094015b5ce77a6518b0309f5d0','sys_user','1','0',NULL,'2018-10-16 14:56:49',NULL,'2018-10-16 14:56:49',NULL,NULL), ('604','192.168.155.145','Mozilla/5.0 (Windows NT 6.1; Win64; x64) AppleWebKit/537.36 (KHTML, like Gecko) Chrome/70.0.3538.77 Safari/537.36','1','0','2018-11-14 11:09:30','41d8f1bfb91383654c957761d8cf787d','sys_user','1','0',NULL,'2018-11-14 11:09:30',NULL,'2018-11-14 11:09:30',NULL,NULL), ('605','192.168.155.145','Mozilla/5.0 (Windows NT 6.1; Win64; x64) AppleWebKit/537.36 (KHTML, like Gecko) Chrome/70.0.3538.77 Safari/537.36','1','0','2018-11-14 14:26:27','af2d57a373a914a44bfb92759eb1170a','sys_user','1','0',NULL,'2018-11-14 14:26:27',NULL,'2018-11-14 14:26:27',NULL,NULL), ('606','192.168.155.145','Mozilla/5.0 (Windows NT 6.1; Win64; x64) AppleWebKit/537.36 (KHTML, like Gecko) Chrome/70.0.3538.77 Safari/537.36','1','0','2018-11-14 17:01:20','5b143d8589c399ccac5d7b562a062a95','sys_user','1','0',NULL,'2018-11-14 17:01:20',NULL,'2018-11-14 17:01:20',NULL,NULL), ('607','192.168.155.145','Mozilla/5.0 (Windows NT 6.1; Win64; x64) AppleWebKit/537.36 (KHTML, like Gecko) Chrome/70.0.3538.102 Safari/537.36','1','0','2018-11-15 11:06:15','e76a7b249719ca62f5a62934e4665b8d','sys_user','1','0',NULL,'2018-11-15 11:06:15',NULL,'2018-11-15 11:06:15',NULL,NULL), ('608','192.168.155.145','Mozilla/5.0 (Windows NT 6.1; Win64; x64) AppleWebKit/537.36 (KHTML, like Gecko) Chrome/70.0.3538.102 Safari/537.36','1','0','2018-11-16 16:40:44','4e047b4564a2789283fb686aaddbb6a6','sys_user','1','0',NULL,'2018-11-16 16:40:44',NULL,'2018-11-16 16:40:44',NULL,NULL), ('609','192.168.155.145','Mozilla/5.0 (Windows NT 6.1; Win64; x64) AppleWebKit/537.36 (KHTML, like Gecko) Chrome/70.0.3538.102 Safari/537.36','1','0','2018-11-19 10:48:12','1b91f81ec910646c85980625fefedda7','sys_user','1','0',NULL,'2018-11-19 10:48:12',NULL,'2018-11-19 10:48:12',NULL,NULL), ('610','192.168.155.145','Mozilla/5.0 (Windows NT 6.1; Win64; x64) AppleWebKit/537.36 (KHTML, like Gecko) Chrome/70.0.3538.102 Safari/537.36','1','0','2018-11-19 10:48:21','1b91f81ec910646c85980625fefedda7','sys_user','1','0',NULL,'2018-11-19 10:48:21',NULL,'2018-11-19 10:48:21',NULL,NULL), ('611','192.168.155.58','Mozilla/5.0 (Windows NT 6.1; Win64; x64) AppleWebKit/537.36 (KHTML, like Gecko) Chrome/71.0.3578.98 Safari/537.36','1','0','2019-01-17 19:18:31','d26926cc3fa1fdbfa1ebff969a29bf09','sys_user','1','0',NULL,'2019-01-17 19:18:31',NULL,'2019-01-17 19:18:31',NULL,NULL), ('612','192.168.155.139','Mozilla/5.0 (Windows NT 6.1; Win64; x64) AppleWebKit/537.36 (KHTML, like Gecko) Chrome/70.0.3538.102 Safari/537.36 OPR/57.0.3098.116','1','0','2019-01-28 11:16:50','19822e0386af8ae5546a8b3e1e56e9d7','sys_user','1','0',NULL,'2019-01-28 11:16:50',NULL,'2019-01-28 11:16:50',NULL,NULL), ('613','::1','Mozilla/5.0 (Windows NT 6.1; WOW64) AppleWebKit/537.36 (KHTML, like Gecko) Chrome/73.0.3683.75 Safari/537.36','1','0','2019-03-14 10:22:14','bhs279m34bg80kse3o9tqo4ef5','sys_user','1','0',NULL,'2019-03-14 10:22:14',NULL,'2019-03-14 10:22:14',NULL,NULL), ('614','::1','Mozilla/5.0 (Windows NT 6.1; WOW64) AppleWebKit/537.36 (KHTML, like Gecko) Chrome/73.0.3683.75 Safari/537.36','1','0','2019-03-14 10:34:14','bhs279m34bg80kse3o9tqo4ef5','sys_user','1','0',NULL,'2019-03-14 10:34:14',NULL,'2019-03-14 10:34:14',NULL,NULL), ('615','::1','Mozilla/5.0 (Windows NT 6.1; Win64; x64) AppleWebKit/537.36 (KHTML, like Gecko) Chrome/73.0.3683.103 Safari/537.36','1','0','2019-04-17 18:00:10','12oik26k47knshoo71or2g8cf4','sys_user','1','0',NULL,'2019-04-17 18:00:11',NULL,'2019-04-17 18:00:11',NULL,NULL), ('616','::1','Mozilla/5.0 (Windows NT 6.1; Win64; x64) AppleWebKit/537.36 (KHTML, like Gecko) Chrome/73.0.3683.103 Safari/537.36','1','0','2019-04-18 09:57:43','mgu9scqvob3gp5gqqp1pr8rl42','sys_user','1','0',NULL,'2019-04-18 09:57:43',NULL,'2019-04-18 09:57:43',NULL,NULL), ('617','::1','Mozilla/5.0 (Windows NT 6.1; Win64; x64; rv:66.0) Gecko/20100101 Firefox/66.0','1','0','2019-04-23 17:57:43','s7tjal4j39pbho20bplunmlpvp','sys_user','1','0',NULL,'2019-04-23 17:57:43',NULL,'2019-04-23 17:57:43',NULL,NULL), ('618','192.168.155.145','Mozilla/5.0 (Windows NT 6.1; Win64; x64) AppleWebKit/537.36 (KHTML, like Gecko) Chrome/74.0.3729.131 Safari/537.36','1','0','2019-05-14 14:53:01','10776b84882e160f47535eeda93cfa9f','sys_user','1','0',NULL,'2019-05-14 14:53:01',NULL,'2019-05-14 14:53:01',NULL,NULL), ('619','192.168.155.145','Mozilla/5.0 (Windows NT 6.1; Win64; x64) AppleWebKit/537.36 (KHTML, like Gecko) Chrome/74.0.3729.157 Safari/537.36','1','0','2019-05-16 16:43:44','0c7702fafe5888d1750b312a36f6119d','sys_user','1','0',NULL,'2019-05-16 16:43:44',NULL,'2019-05-16 16:43:44',NULL,NULL), ('620','192.168.155.145','Mozilla/5.0 (Windows NT 6.1; Win64; x64) AppleWebKit/537.36 (KHTML, like Gecko) Chrome/74.0.3729.157 Safari/537.36','1','0','2019-05-17 16:04:16','5614e10d0c7b2676c6dc901496728cf1','sys_user','1','0',NULL,'2019-05-17 16:04:16',NULL,'2019-05-17 16:04:16',NULL,NULL), ('621','192.168.155.58','Mozilla/5.0 (Windows NT 6.1; Win64; x64; rv:66.0) Gecko/20100101 Firefox/66.0','1','0','2019-05-17 16:31:06','2c76da8b89e4fb2653b1d4ba87188a89','sys_user','1','0',NULL,'2019-05-17 16:31:06',NULL,'2019-05-17 16:31:06',NULL,NULL), ('622','192.168.155.145','Mozilla/5.0 (Windows NT 6.1; Win64; x64) AppleWebKit/537.36 (KHTML, like Gecko) Chrome/74.0.3729.157 Safari/537.36','1','0','2019-05-21 17:16:42','1e43fc8142f846275836a8fa7b8eda85','sys_user','1','0',NULL,'2019-05-21 17:16:42',NULL,'2019-05-21 17:16:42',NULL,NULL), ('623','192.168.155.165','Mozilla/5.0 (Windows NT 6.1; Win64; x64) AppleWebKit/537.36 (KHTML, like Gecko) Chrome/74.0.3729.157 Safari/537.36','1','0','2019-05-23 09:47:35','397702bb66d611915eb33b9cda6eb896','sys_user','1','0',NULL,'2019-05-23 09:47:35',NULL,'2019-05-23 09:47:35',NULL,NULL), ('624','::1','Mozilla/5.0 (Windows NT 6.1; WOW64) AppleWebKit/537.36 (KHTML, like Gecko) Chrome/75.0.3770.100 Safari/537.36','1','0','2019-07-08 15:23:58','7bkcjcmpdagtt9r76a2dlbikc0','sys_user','1','0',NULL,'2019-07-08 15:23:58',NULL,'2019-07-08 15:23:58',NULL,NULL), ('625','::1','Mozilla/5.0 (Windows NT 6.1; WOW64) AppleWebKit/537.36 (KHTML, like Gecko) Chrome/75.0.3770.100 Safari/537.36','1','0','2019-07-08 15:24:15','7bkcjcmpdagtt9r76a2dlbikc0','sys_user','1','0',NULL,'2019-07-08 15:24:15',NULL,'2019-07-08 15:24:15',NULL,NULL), ('626','::1','Mozilla/5.0 (Windows NT 6.1; WOW64) AppleWebKit/537.36 (KHTML, like Gecko) Chrome/75.0.3770.100 Safari/537.36','1','0','2019-07-11 10:42:10','2f62e58811re8151vo9arro9ua','sys_user','1','0',NULL,'2019-07-11 10:42:10',NULL,'2019-07-11 10:42:10',NULL,NULL), ('627','::1','Mozilla/5.0 (Windows NT 6.1; WOW64) AppleWebKit/537.36 (KHTML, like Gecko) Chrome/75.0.3770.100 Safari/537.36','1','0','2019-07-11 10:54:18','2f62e58811re8151vo9arro9ua','sys_user','1','0',NULL,'2019-07-11 10:54:18',NULL,'2019-07-11 10:54:18',NULL,NULL), ('628','::1','Mozilla/5.0 (Windows NT 6.1; Win64; x64; rv:68.0) Gecko/20100101 Firefox/68.0','0','1','2019-07-16 10:07:56','n7k6v8vh2icgdsvmile3368v4e','sys_user','skyadmin','0',NULL,'2019-07-16 10:07:56',NULL,'2019-07-16 10:07:56',NULL,NULL), ('629','::1','Mozilla/5.0 (Windows NT 6.1; Win64; x64; rv:68.0) Gecko/20100101 Firefox/68.0','0','1','2019-07-16 10:08:00','n7k6v8vh2icgdsvmile3368v4e','sys_user','skyadmin','0',NULL,'2019-07-16 10:08:00',NULL,'2019-07-16 10:08:00',NULL,NULL), ('630','192.168.155.165','Mozilla/5.0 (Windows NT 6.1; Win64; x64) AppleWebKit/537.36 (KHTML, like Gecko) Chrome/75.0.3770.100 Safari/537.36','1','0','2019-07-16 12:14:14','a0d0f95291223f45be77c4479b949867','sys_user','1','0',NULL,'2019-07-16 12:14:14',NULL,'2019-07-16 12:14:14',NULL,NULL), ('631','192.168.155.57','Mozilla/5.0 (Windows NT 6.1; WOW64) AppleWebKit/537.36 (KHTML, like Gecko) Chrome/75.0.3770.100 Safari/537.36','1','0','2019-07-24 10:07:19','23114f90d508cc70a85c1df427edad18','sys_user','1','0',NULL,'2019-07-24 10:07:19',NULL,'2019-07-24 10:07:19',NULL,NULL), ('632','192.168.155.58','Mozilla/5.0 (Windows NT 6.1; Win64; x64; rv:68.0) Gecko/20100101 Firefox/68.0','1','0','2019-07-25 11:18:58','cd7a6536640bafbbf79ec5363c94f8ff','sys_user','1','0',NULL,'2019-07-25 11:18:58',NULL,'2019-07-25 11:18:58',NULL,NULL), ('633','::1','Mozilla/5.0 (Windows NT 6.1; WOW64) AppleWebKit/537.36 (KHTML, like Gecko) Chrome/75.0.3770.100 Safari/537.36','0','1','2019-07-25 16:10:29','e9o2choqni3lo11vbqel2e8t61','sys_user','skyadmin','0',NULL,'2019-07-25 16:10:29',NULL,'2019-07-25 16:10:29',NULL,NULL), ('634','::1','Mozilla/5.0 (Windows NT 6.1; WOW64) AppleWebKit/537.36 (KHTML, like Gecko) Chrome/75.0.3770.100 Safari/537.36','0','1','2019-07-25 16:10:34','e9o2choqni3lo11vbqel2e8t61','sys_user','skyadmin','0',NULL,'2019-07-25 16:10:34',NULL,'2019-07-25 16:10:34',NULL,NULL), ('635','192.168.155.58','Mozilla/5.0 (Windows NT 6.1; WOW64; Trident/7.0; rv:11.0) like Gecko','1','0','2019-08-21 14:58:31','edba8e9dc804248f2c4d1714ca29791e','sys_user','1','0',NULL,'2019-08-21 14:58:31',NULL,'2019-08-21 14:58:31',NULL,NULL), ('636','192.168.155.165','Mozilla/5.0 (Windows NT 6.1; Win64; x64) AppleWebKit/537.36 (KHTML, like Gecko) Chrome/76.0.3809.132 Safari/537.36','1','0','2019-09-11 15:22:23','63fe8535a10157e9ba6ac006a564db4c','sys_user','1','0',NULL,'2019-09-11 15:22:23',NULL,'2019-09-11 15:22:23',NULL,NULL), ('637','192.168.155.58','Mozilla/5.0 (Windows NT 6.1; Win64; x64; rv:69.0) Gecko/20100101 Firefox/69.0','1','0','2019-09-12 16:08:51','e0ac6a2904e1b802f7d172f99d177b6b','sys_user','1','0',NULL,'2019-09-12 16:08:51',NULL,'2019-09-12 16:08:51',NULL,NULL), ('638','::1','Mozilla/5.0 (Windows NT 6.1; Win64; x64) AppleWebKit/537.36 (KHTML, like Gecko) Chrome/76.0.3809.132 Safari/537.36','1','0','2019-09-13 10:15:21','3mgmh24vha63cufvivs3gf65q4','sys_user','1','0',NULL,'2019-09-13 10:15:21',NULL,'2019-09-13 10:15:21',NULL,NULL), ('639','::1','Mozilla/5.0 (Windows NT 6.1; Win64; x64) AppleWebKit/537.36 (KHTML, like Gecko) Chrome/76.0.3809.132 Safari/537.36','1','0','2019-09-13 10:42:23','3mgmh24vha63cufvivs3gf65q4','sys_user','1','0',NULL,'2019-09-13 10:42:23',NULL,'2019-09-13 10:42:23',NULL,NULL), ('640','::1','Mozilla/5.0 (Windows NT 6.1; Win64; x64) AppleWebKit/537.36 (KHTML, like Gecko) Chrome/76.0.3809.132 Safari/537.36','1','0','2019-09-13 10:55:36','3mgmh24vha63cufvivs3gf65q4','sys_user','1','0',NULL,'2019-09-13 10:55:36',NULL,'2019-09-13 10:55:36',NULL,NULL), ('641','::1','Mozilla/5.0 (Windows NT 6.1; Win64; x64) AppleWebKit/537.36 (KHTML, like Gecko) Chrome/76.0.3809.132 Safari/537.36','1','0','2019-09-13 10:58:43','3mgmh24vha63cufvivs3gf65q4','sys_user','1','0',NULL,'2019-09-13 10:58:43',NULL,'2019-09-13 10:58:43',NULL,NULL), ('642','::1','Mozilla/5.0 (Windows NT 6.1; Win64; x64) AppleWebKit/537.36 (KHTML, like Gecko) Chrome/76.0.3809.132 Safari/537.36','0','1','2019-09-13 10:59:02','3mgmh24vha63cufvivs3gf65q4','sys_user','skyadmin','0',NULL,'2019-09-13 10:59:02',NULL,'2019-09-13 10:59:02',NULL,NULL), ('643','::1','Mozilla/5.0 (Windows NT 6.1; Win64; x64) AppleWebKit/537.36 (KHTML, like Gecko) Chrome/76.0.3809.132 Safari/537.36','1','0','2019-09-13 10:59:20','3mgmh24vha63cufvivs3gf65q4','sys_user','1','0',NULL,'2019-09-13 10:59:20',NULL,'2019-09-13 10:59:20',NULL,NULL), ('644','::1','Mozilla/5.0 (Windows NT 6.1; Win64; x64) AppleWebKit/537.36 (KHTML, like Gecko) Chrome/76.0.3809.132 Safari/537.36','1','0','2019-09-13 10:59:28','3mgmh24vha63cufvivs3gf65q4','sys_user','1','0',NULL,'2019-09-13 10:59:28',NULL,'2019-09-13 10:59:28',NULL,NULL), ('645','192.168.155.58','Mozilla/5.0 (Windows NT 6.1; Win64; x64; rv:69.0) Gecko/20100101 Firefox/69.0','1','0','2019-09-17 17:53:09','af57768720fa941214620aa83d1e55a5','sys_user','1','0',NULL,'2019-09-17 17:53:09',NULL,'2019-09-17 17:53:09',NULL,NULL), ('646','192.168.155.165','Mozilla/5.0 (Windows NT 6.1; Win64; x64) AppleWebKit/537.36 (KHTML, like Gecko) Chrome/76.0.3809.132 Safari/537.36','1','0','2019-09-20 11:38:54','90d2af2097c9d6b48c5e219bd9ccda37','sys_user','1','0',NULL,'2019-09-20 11:38:54',NULL,'2019-09-20 11:38:54',NULL,NULL), ('647','192.168.155.165','Mozilla/5.0 (Windows NT 6.1; Win64; x64) AppleWebKit/537.36 (KHTML, like Gecko) Chrome/76.0.3809.132 Safari/537.36','1','0','2019-09-20 14:58:04','90d2af2097c9d6b48c5e219bd9ccda37','sys_user','1','0',NULL,'2019-09-20 14:58:04',NULL,'2019-09-20 14:58:04',NULL,NULL), ('648','192.168.155.165','Mozilla/5.0 (Windows NT 6.1; Win64; x64) AppleWebKit/537.36 (KHTML, like Gecko) Chrome/76.0.3809.132 Safari/537.36','1','0','2019-09-23 16:53:03','a617d606403e5a8f0c09f992b5f336cb','sys_user','1','0',NULL,'2019-09-23 16:53:03',NULL,'2019-09-23 16:53:03',NULL,NULL), ('649','192.168.155.165','Mozilla/5.0 (Windows NT 6.1; Win64; x64) AppleWebKit/537.36 (KHTML, like Gecko) Chrome/77.0.3865.90 Safari/537.36','1','0','2019-10-10 17:27:07','743657cd29881e515916975c25c357ef','sys_user','1','0',NULL,'2019-10-10 17:27:07',NULL,'2019-10-10 17:27:07',NULL,NULL), ('650','192.168.155.165','Mozilla/5.0 (Windows NT 6.1; Win64; x64) AppleWebKit/537.36 (KHTML, like Gecko) Chrome/78.0.3904.97 Safari/537.36','1','0','2019-11-19 16:34:00','29ce87e67d2176416a7452968e232872','sys_user','1','0',NULL,'2019-11-19 16:34:00',NULL,'2019-11-19 16:34:00',NULL,NULL), ('651','192.168.155.165','Mozilla/5.0 (Windows NT 6.1; Win64; x64) AppleWebKit/537.36 (KHTML, like Gecko) Chrome/78.0.3904.108 Safari/537.36','1','0','2019-12-11 16:05:26','896a889ead513a183e6a050f87e9eac8','sys_user','1','0',NULL,'2019-12-11 16:05:26',NULL,'2019-12-11 16:05:26',NULL,NULL), ('652','192.168.155.165','Mozilla/5.0 (Windows NT 6.1; Win64; x64) AppleWebKit/537.36 (KHTML, like Gecko) Chrome/78.0.3904.108 Safari/537.36','1','0','2019-12-17 10:01:28','1b05b6216d01e6f11232a7f9885cc07e','sys_user','1','0',NULL,'2019-12-17 10:01:28',NULL,'2019-12-17 10:01:28',NULL,NULL), ('653','192.168.155.165','Mozilla/5.0 (Windows NT 6.1; Win64; x64) AppleWebKit/537.36 (KHTML, like Gecko) Chrome/78.0.3904.108 Safari/537.36','1','0','2019-12-18 10:52:00','b503182b146ee9970d12a6233f50cf2f','sys_user','1','0',NULL,'2019-12-18 10:52:00',NULL,'2019-12-18 10:52:00',NULL,NULL), ('654','192.168.155.57','Mozilla/5.0 (Windows NT 6.1; Win64; x64) AppleWebKit/537.36 (KHTML, like Gecko) Chrome/79.0.3945.79 Safari/537.36','1','0','2019-12-18 12:17:48','502daefa564b415826af0a6725d5e59d','sys_user','1','0',NULL,'2019-12-18 12:17:48',NULL,'2019-12-18 12:17:48',NULL,NULL), ('655','192.168.155.99','Mozilla/5.0 (Windows NT 6.1; Win64; x64) AppleWebKit/537.36 (KHTML, like Gecko) Chrome/81.0.4044.138 Safari/537.36','1','0','2020-05-11 12:58:12','f85f3e8ee8fa5377715456115ea7e678','sys_user','1','0',NULL,'2020-05-11 12:58:12',NULL,'2020-05-11 12:58:12',NULL,NULL), ('656','192.168.155.116','Mozilla/5.0 (Windows NT 6.1; Win64; x64) AppleWebKit/537.36 (KHTML, like Gecko) Chrome/81.0.4044.138 Safari/537.36','1','0','2020-05-11 14:28:27','b5d399fc2b46b3d2c4ea0df994a6500d','sys_user','1','0',NULL,'2020-05-11 14:28:27',NULL,'2020-05-11 14:28:27',NULL,NULL), ('657','192.168.155.165','Mozilla/5.0 (Windows NT 6.1; Win64; x64) AppleWebKit/537.36 (KHTML, like Gecko) Chrome/81.0.4044.138 Safari/537.36','1','0','2020-05-13 09:56:34','0a13a8a3965cad2d5fd9394a3bbf81ce','sys_user','1','0',NULL,'2020-05-13 09:56:34',NULL,'2020-05-13 09:56:34',NULL,NULL), ('658','192.168.155.165','Mozilla/5.0 (Windows NT 6.1; Win64; x64) AppleWebKit/537.36 (KHTML, like Gecko) Chrome/81.0.4044.138 Safari/537.36','0','1','2020-05-13 11:59:51','0a13a8a3965cad2d5fd9394a3bbf81ce','sys_user','admin2','0',NULL,'2020-05-13 11:59:51',NULL,'2020-05-13 11:59:51',NULL,NULL), ('659','192.168.155.165','Mozilla/5.0 (Windows NT 6.1; Win64; x64) AppleWebKit/537.36 (KHTML, like Gecko) Chrome/81.0.4044.138 Safari/537.36','0','1','2020-05-14 12:02:07','0562e34cddbc9d76a3f8654671fcc175','sys_user','aa','0',NULL,'2020-05-14 12:02:07',NULL,'2020-05-14 12:02:07',NULL,NULL), ('660','192.168.155.165','Mozilla/5.0 (Windows NT 6.1; Win64; x64) AppleWebKit/537.36 (KHTML, like Gecko) Chrome/81.0.4044.138 Safari/537.36','0','1','2020-05-14 12:46:48','0562e34cddbc9d76a3f8654671fcc175','sys_user','bbb','0',NULL,'2020-05-14 12:46:48',NULL,'2020-05-14 12:46:48',NULL,NULL), ('661','192.168.155.165','Mozilla/5.0 (Windows NT 6.1; Win64; x64) AppleWebKit/537.36 (KHTML, like Gecko) Chrome/81.0.4044.138 Safari/537.36','0','1','2020-05-14 16:23:31','0562e34cddbc9d76a3f8654671fcc175','sys_user','admin2','0',NULL,'2020-05-14 16:23:31',NULL,'2020-05-14 16:23:31',NULL,NULL), ('662','192.168.155.165','Mozilla/5.0 (Windows NT 6.1; Win64; x64) AppleWebKit/537.36 (KHTML, like Gecko) Chrome/81.0.4044.138 Safari/537.36','0','1','2020-05-14 16:24:01','0562e34cddbc9d76a3f8654671fcc175','sys_user','admin','0',NULL,'2020-05-14 16:24:01',NULL,'2020-05-14 16:24:01',NULL,NULL), ('663','192.168.155.165','Mozilla/5.0 (Windows NT 6.1; Win64; x64) AppleWebKit/537.36 (KHTML, like Gecko) Chrome/81.0.4044.138 Safari/537.36','0','1','2020-05-14 16:24:33','0562e34cddbc9d76a3f8654671fcc175','sys_user','admin','0',NULL,'2020-05-14 16:24:33',NULL,'2020-05-14 16:24:33',NULL,NULL), ('664','192.168.155.165','Mozilla/5.0 (Windows NT 6.1; Win64; x64) AppleWebKit/537.36 (KHTML, like Gecko) Chrome/81.0.4044.138 Safari/537.36','0','1','2020-05-14 16:25:04','0562e34cddbc9d76a3f8654671fcc175','sys_user','admin2','0',NULL,'2020-05-14 16:25:04',NULL,'2020-05-14 16:25:04',NULL,NULL), ('665','192.168.155.165','Mozilla/5.0 (Windows NT 6.1; Win64; x64) AppleWebKit/537.36 (KHTML, like Gecko) Chrome/81.0.4044.138 Safari/537.36','1','0','2020-05-14 16:25:19','0562e34cddbc9d76a3f8654671fcc175','sys_user','1','0',NULL,'2020-05-14 16:25:19',NULL,'2020-05-14 16:25:19',NULL,NULL), ('666','192.168.155.165','Mozilla/5.0 (Windows NT 6.1; Win64; x64) AppleWebKit/537.36 (KHTML, like Gecko) Chrome/81.0.4044.138 Safari/537.36','0','1','2020-05-14 16:27:43','0562e34cddbc9d76a3f8654671fcc175','sys_user','admin2','0',NULL,'2020-05-14 16:27:43',NULL,'2020-05-14 16:27:43',NULL,NULL), ('667','192.168.155.165','Mozilla/5.0 (Windows NT 6.1; Win64; x64) AppleWebKit/537.36 (KHTML, like Gecko) Chrome/81.0.4044.138 Safari/537.36','1','0','2020-05-14 16:58:09','0562e34cddbc9d76a3f8654671fcc175','sys_user','1','0',NULL,'2020-05-14 16:58:09',NULL,'2020-05-14 16:58:09',NULL,NULL), ('668','192.168.155.165','Mozilla/5.0 (Windows NT 6.1; Win64; x64) AppleWebKit/537.36 (KHTML, like Gecko) Chrome/81.0.4044.138 Safari/537.36','0','1','2020-05-14 17:01:10','0562e34cddbc9d76a3f8654671fcc175','sys_user','admin2','0',NULL,'2020-05-14 17:01:10',NULL,'2020-05-14 17:01:10',NULL,NULL), ('669','192.168.155.165','Mozilla/5.0 (Windows NT 6.1; Win64; x64) AppleWebKit/537.36 (KHTML, like Gecko) Chrome/81.0.4044.138 Safari/537.36','0','1','2020-05-14 17:40:05','0562e34cddbc9d76a3f8654671fcc175','sys_user','aaaq','0',NULL,'2020-05-14 17:40:05',NULL,'2020-05-14 17:40:05',NULL,NULL), ('670','192.168.155.165','Mozilla/5.0 (Windows NT 6.1; Win64; x64) AppleWebKit/537.36 (KHTML, like Gecko) Chrome/81.0.4044.138 Safari/537.36','0','1','2020-05-15 09:54:51','29d3227d7c817503184829fca0cb5663','sys_user','admin2','0',NULL,'2020-05-15 09:54:51',NULL,'2020-05-15 09:54:51',NULL,NULL), ('671','192.168.155.165','Mozilla/5.0 (Windows NT 6.1; Win64; x64) AppleWebKit/537.36 (KHTML, like Gecko) Chrome/81.0.4044.138 Safari/537.36','1','0','2020-05-15 09:55:40','29d3227d7c817503184829fca0cb5663','sys_user','1','0',NULL,'2020-05-15 09:55:40',NULL,'2020-05-15 09:55:40',NULL,NULL), ('672','192.168.155.140','Mozilla/5.0 (Windows NT 10.0; Win64; x64) AppleWebKit/537.36 (KHTML, like Gecko) Chrome/81.0.4044.138 Safari/537.36','0','1','2020-05-19 14:31:40','c03874714f3acbdc74bc2157c03c93dd','sys_user','admin','0',NULL,'2020-05-19 14:31:40',NULL,'2020-05-19 14:31:40',NULL,NULL), ('673','192.168.155.140','Mozilla/5.0 (Windows NT 10.0; Win64; x64) AppleWebKit/537.36 (KHTML, like Gecko) Chrome/81.0.4044.138 Safari/537.36','1','0','2020-05-19 14:31:49','c03874714f3acbdc74bc2157c03c93dd','sys_user','4','0',NULL,'2020-05-19 14:31:49',NULL,'2020-05-19 14:31:49',NULL,NULL), ('674','192.168.155.140','Mozilla/5.0 (Windows NT 10.0; Win64; x64) AppleWebKit/537.36 (KHTML, like Gecko) Chrome/81.0.4044.138 Safari/537.36','1','0','2020-05-19 14:32:11','c03874714f3acbdc74bc2157c03c93dd','sys_user','4','0',NULL,'2020-05-19 14:32:11',NULL,'2020-05-19 14:32:11',NULL,NULL), ('675','192.168.155.140','Mozilla/5.0 (Windows NT 10.0; Win64; x64) AppleWebKit/537.36 (KHTML, like Gecko) Chrome/81.0.4044.138 Safari/537.36','1','0','2020-05-20 10:17:10','e1dccbf7a2a4f83ba598ca7009ae9e6e','sys_user','1','0',NULL,'2020-05-20 10:17:10',NULL,'2020-05-20 10:17:10',NULL,NULL), ('676','192.168.155.165','Mozilla/5.0 (Windows NT 6.1; Win64; x64) AppleWebKit/537.36 (KHTML, like Gecko) Chrome/81.0.4044.138 Safari/537.36','1','0','2020-05-21 15:34:08','d340b0777a5242be4ff6d7ca80d1e684','sys_user','1','0',NULL,'2020-05-21 15:34:08',NULL,'2020-05-21 15:34:08',NULL,NULL), ('677','192.168.155.165','Mozilla/5.0 (Windows NT 6.1; Win64; x64) AppleWebKit/537.36 (KHTML, like Gecko) Chrome/81.0.4044.138 Safari/537.36','1','0','2020-05-22 12:57:27','49a74548e89bf1d0bb2c4bafe77100a6','sys_user','4','0',NULL,'2020-05-22 12:57:27',NULL,'2020-05-22 12:57:27',NULL,NULL), ('678','192.168.155.165','Mozilla/5.0 (Windows NT 6.1; Win64; x64) AppleWebKit/537.36 (KHTML, like Gecko) Chrome/81.0.4044.138 Safari/537.36','0','1','2020-05-22 14:21:31','49a74548e89bf1d0bb2c4bafe77100a6','sys_user','admin2','0',NULL,'2020-05-22 14:21:31',NULL,'2020-05-22 14:21:31',NULL,NULL), ('679','192.168.155.165','Mozilla/5.0 (Windows NT 6.1; Win64; x64) AppleWebKit/537.36 (KHTML, like Gecko) Chrome/81.0.4044.138 Safari/537.36','1','0','2020-05-22 14:22:02','49a74548e89bf1d0bb2c4bafe77100a6','sys_user','4','0',NULL,'2020-05-22 14:22:02',NULL,'2020-05-22 14:22:02',NULL,NULL), ('680','192.168.155.165','Mozilla/5.0 (Windows NT 6.1; Win64; x64) AppleWebKit/537.36 (KHTML, like Gecko) Chrome/81.0.4044.138 Safari/537.36','1','0','2020-05-22 16:21:22','49a74548e89bf1d0bb2c4bafe77100a6','sys_user','4','0',NULL,'2020-05-22 16:21:22',NULL,'2020-05-22 16:21:22',NULL,NULL), ('681','192.168.155.165','Mozilla/5.0 (Windows NT 6.1; Win64; x64) AppleWebKit/537.36 (KHTML, like Gecko) Chrome/83.0.4103.61 Safari/537.36','1','0','2020-05-25 11:43:06','34b7d6eeab2b04d50bb35067af4dcceb','sys_user','4','0',NULL,'2020-05-25 11:43:06',NULL,'2020-05-25 11:43:06',NULL,NULL), ('682','192.168.155.165','Mozilla/5.0 (Windows NT 6.1; Win64; x64) AppleWebKit/537.36 (KHTML, like Gecko) Chrome/83.0.4103.61 Safari/537.36','1','0','2020-05-25 12:16:49','34b7d6eeab2b04d50bb35067af4dcceb','sys_user','4','0',NULL,'2020-05-25 12:16:49',NULL,'2020-05-25 12:16:49',NULL,NULL), ('683','192.168.155.165','Mozilla/5.0 (Windows NT 6.1; Win64; x64) AppleWebKit/537.36 (KHTML, like Gecko) Chrome/83.0.4103.61 Safari/537.36','1','0','2020-05-25 12:52:25','4942a8ebeebedf1668dabd75dbe9cb04','sys_user','4','0',NULL,'2020-05-25 12:52:25',NULL,'2020-05-25 12:52:25',NULL,NULL);
INSERT INTO `login_log` VALUES ('684','192.168.155.165','Mozilla/5.0 (Windows NT 6.1; Win64; x64) AppleWebKit/537.36 (KHTML, like Gecko) Chrome/83.0.4103.61 Safari/537.36','1','0','2020-05-25 17:01:57','4942a8ebeebedf1668dabd75dbe9cb04','sys_user','4','0',NULL,'2020-05-25 17:01:57',NULL,'2020-05-25 17:01:57',NULL,NULL), ('685','192.168.155.165','Mozilla/5.0 (Windows NT 6.1; Win64; x64) AppleWebKit/537.36 (KHTML, like Gecko) Chrome/83.0.4103.61 Safari/537.36','1','0','2020-05-27 11:23:36','027c96517f5d4fd6ba49b0c74c3cbce0','sys_user','4','0',NULL,'2020-05-27 11:23:36',NULL,'2020-05-27 11:23:36',NULL,NULL), ('686','192.168.155.140','Mozilla/5.0 (Windows NT 10.0; Win64; x64) AppleWebKit/537.36 (KHTML, like Gecko) Chrome/83.0.4103.116 Safari/537.36','1','0','2020-07-13 12:03:30','f5d55da4d7c9dd91cf0183cfd517ac40','sys_user','1','0',NULL,'2020-07-13 12:03:30',NULL,'2020-07-13 12:03:30',NULL,NULL), ('687','192.168.155.140','Mozilla/5.0 (Windows NT 10.0; Win64; x64) AppleWebKit/537.36 (KHTML, like Gecko) Chrome/84.0.4147.89 Safari/537.36','1','0','2020-07-22 17:31:37','285e3de8581b93de21d39f82c234452e','sys_user','1','0',NULL,'2020-07-22 17:31:37',NULL,'2020-07-22 17:31:37',NULL,NULL), ('688','192.168.155.165','Mozilla/5.0 (Windows NT 6.1; Win64; x64) AppleWebKit/537.36 (KHTML, like Gecko) Chrome/84.0.4147.89 Safari/537.36','1','0','2020-07-23 09:43:18','44d0951b219a40e77b8a259d27354dac','sys_user','4','0',NULL,'2020-07-23 09:43:18',NULL,'2020-07-23 09:43:18',NULL,NULL), ('689','192.168.155.140','Mozilla/5.0 (Windows NT 10.0; Win64; x64) AppleWebKit/537.36 (KHTML, like Gecko) Chrome/84.0.4147.105 Safari/537.36','1','0','2020-08-04 16:25:30','87050a87f56dc60f9a760d6379a96c3a','sys_user','1','0',NULL,'2020-08-04 16:25:30',NULL,'2020-08-04 16:25:30',NULL,NULL), ('690','192.168.155.140','Mozilla/5.0 (Windows NT 10.0; Win64; x64) AppleWebKit/537.36 (KHTML, like Gecko) Chrome/84.0.4147.105 Safari/537.36','1','0','2020-08-04 16:27:24','87050a87f56dc60f9a760d6379a96c3a','sys_user','4','0',NULL,'2020-08-04 16:27:24',NULL,'2020-08-04 16:27:24',NULL,NULL), ('691','192.168.155.140','Mozilla/5.0 (Windows NT 10.0; Win64; x64) AppleWebKit/537.36 (KHTML, like Gecko) Chrome/84.0.4147.105 Safari/537.36','1','0','2020-08-04 16:28:07','e8c5be4fe5ca01bdec3ba2b699a74639','sys_user','4','0',NULL,'2020-08-04 16:28:07',NULL,'2020-08-04 16:28:07',NULL,NULL), ('692','192.168.155.114','Mozilla/5.0 (Windows NT 10.0; Win64; x64) AppleWebKit/537.36 (KHTML, like Gecko) Chrome/84.0.4147.105 Safari/537.36','1','0','2020-08-04 16:29:09','ece158253cb4cd7975dc5439b1eaf68b','sys_user','4','0',NULL,'2020-08-04 16:29:09',NULL,'2020-08-04 16:29:09',NULL,NULL), ('693','192.168.155.165','Mozilla/5.0 (Windows NT 6.1; Win64; x64) AppleWebKit/537.36 (KHTML, like Gecko) Chrome/84.0.4147.105 Safari/537.36','1','0','2020-08-04 18:17:17','1c35b9c260439817d19e5794e9c63e69','sys_user','4','0',NULL,'2020-08-04 18:17:17',NULL,'2020-08-04 18:17:17',NULL,NULL), ('694','192.168.155.114','Mozilla/5.0 (Windows NT 10.0; Win64; x64) AppleWebKit/537.36 (KHTML, like Gecko) Chrome/84.0.4147.105 Safari/537.36','1','0','2020-08-05 09:02:27','ece158253cb4cd7975dc5439b1eaf68b','sys_user','4','0',NULL,'2020-08-05 09:02:27',NULL,'2020-08-05 09:02:27',NULL,NULL), ('695','192.168.155.114','Mozilla/5.0 (Windows NT 10.0; Win64; x64) AppleWebKit/537.36 (KHTML, like Gecko) Chrome/84.0.4147.105 Safari/537.36','1','0','2020-08-06 09:37:54','02102f5596d9fe16b525fb67b4a9590b','sys_user','4','0',NULL,'2020-08-06 09:37:54',NULL,'2020-08-06 09:37:54',NULL,NULL), ('696','192.168.155.114','Mozilla/5.0 (Windows NT 10.0; Win64; x64) AppleWebKit/537.36 (KHTML, like Gecko) Chrome/84.0.4147.105 Safari/537.36','1','0','2020-08-06 16:02:16','74c526ef7005533c4e849b7e31ef9373','sys_user','4','0',NULL,'2020-08-06 16:02:16',NULL,'2020-08-06 16:02:16',NULL,NULL), ('697','192.168.155.165','Mozilla/5.0 (Windows NT 6.1; Win64; x64) AppleWebKit/537.36 (KHTML, like Gecko) Chrome/84.0.4147.105 Safari/537.36','1','0','2020-08-11 11:41:48','41814ad14330f0c3df5c280e0efb176c','sys_user','4','0',NULL,'2020-08-11 11:41:48',NULL,'2020-08-11 11:41:48',NULL,NULL), ('698','192.168.155.140','Mozilla/5.0 (Windows NT 10.0; Win64; x64) AppleWebKit/537.36 (KHTML, like Gecko) Chrome/87.0.4280.88 Safari/537.36','1','0','2020-12-30 11:39:39','7361ef6ff233dd5df9a2546ab31e1a09','sys_user','1','0',NULL,'2020-12-30 11:39:39',NULL,'2020-12-30 11:39:39',NULL,NULL), ('699','192.168.155.140','Mozilla/5.0 (Windows NT 10.0; Win64; x64) AppleWebKit/537.36 (KHTML, like Gecko) Chrome/88.0.4324.190 Safari/537.36','1','0','2021-03-08 14:59:44','4f8f42d61709ce19912dcfbbacf1af0c','sys_user','1','0',NULL,'2021-03-08 14:59:44',NULL,'2021-03-08 14:59:44',NULL,NULL), ('700','192.168.155.140','Mozilla/5.0 (Windows NT 10.0; Win64; x64) AppleWebKit/537.36 (KHTML, like Gecko) Chrome/90.0.4430.72 Safari/537.36','1','0','2021-04-19 17:27:43','5761cd11d1c890a6779442c1f9fad347','sys_user','1','0',NULL,'2021-04-19 17:27:43',NULL,'2021-04-19 17:27:43',NULL,NULL), ('701','192.168.155.140','Mozilla/5.0 (Windows NT 10.0; Win64; x64) AppleWebKit/537.36 (KHTML, like Gecko) Chrome/90.0.4430.72 Safari/537.36','1','0','2021-04-20 09:30:30','e987f09b4058b644f8f4c4d42a930340','sys_user','1','0',NULL,'2021-04-20 09:30:30',NULL,'2021-04-20 09:30:30',NULL,NULL), ('702','192.168.155.140','Mozilla/5.0 (Windows NT 10.0; Win64; x64) AppleWebKit/537.36 (KHTML, like Gecko) Chrome/90.0.4430.72 Safari/537.36','1','0','2021-04-20 10:44:41','e987f09b4058b644f8f4c4d42a930340','sys_user','1','0',NULL,'2021-04-20 10:44:41',NULL,'2021-04-20 10:44:41',NULL,NULL), ('703','192.168.155.140','Mozilla/5.0 (Windows NT 10.0; Win64; x64) AppleWebKit/537.36 (KHTML, like Gecko) Chrome/90.0.4430.72 Safari/537.36','1','0','2021-04-20 16:36:02','8f32c4366ba4996a1917a25376649dce','sys_user','1','0',NULL,'2021-04-20 16:36:02',NULL,'2021-04-20 16:36:02',NULL,NULL), ('704','192.168.155.140','Mozilla/5.0 (Windows NT 10.0; Win64; x64) AppleWebKit/537.36 (KHTML, like Gecko) Chrome/90.0.4430.72 Safari/537.36','1','0','2021-04-21 17:12:26','a0ce253f408a34c86d67c7be22be4fdd','sys_user','1','0',NULL,'2021-04-21 17:12:26',NULL,'2021-04-21 17:12:26',NULL,NULL), ('705','192.168.155.140','Mozilla/5.0 (Windows NT 10.0; Win64; x64) AppleWebKit/537.36 (KHTML, like Gecko) Chrome/90.0.4430.72 Safari/537.36','1','0','2021-04-22 10:05:25','b8d8368982467cb7c87cac12baf55b77','sys_user','1','0',NULL,'2021-04-22 10:05:25',NULL,'2021-04-22 10:05:25',NULL,NULL), ('706','192.168.155.140','Mozilla/5.0 (Windows NT 10.0; Win64; x64) AppleWebKit/537.36 (KHTML, like Gecko) Chrome/90.0.4430.72 Safari/537.36','1','0','2021-04-22 14:16:28','41525b7a928b682a336530bcf94dd0e2','sys_user','1','0',NULL,'2021-04-22 14:16:28',NULL,'2021-04-22 14:16:28',NULL,NULL), ('707','192.168.155.140','Mozilla/5.0 (Windows NT 10.0; Win64; x64) AppleWebKit/537.36 (KHTML, like Gecko) Chrome/90.0.4430.72 Safari/537.36','1','0','2021-04-23 09:41:52','d11f5fb95821add9bcc83a73f30ba1d5','sys_user','1','0',NULL,'2021-04-23 09:41:52',NULL,'2021-04-23 09:41:52',NULL,NULL), ('708','192.168.155.140','Mozilla/5.0 (Windows NT 10.0; Win64; x64) AppleWebKit/537.36 (KHTML, like Gecko) Chrome/90.0.4430.72 Safari/537.36','1','0','2021-04-23 12:52:55','d11f5fb95821add9bcc83a73f30ba1d5','sys_user','2','0',NULL,'2021-04-23 12:52:55',NULL,'2021-04-23 12:52:55',NULL,NULL), ('709','192.168.155.165','Mozilla/5.0 (Windows NT 6.1; Win64; x64) AppleWebKit/537.36 (KHTML, like Gecko) Chrome/89.0.4389.128 Safari/537.36','1','0','2021-04-23 14:31:55','470fba1b32a0c5116e719c62498273e3','sys_user','2','0',NULL,'2021-04-23 14:31:55',NULL,'2021-04-23 14:31:55',NULL,NULL), ('710','192.168.155.147','Mozilla/5.0 (Windows NT 10.0; Win64; x64) AppleWebKit/537.36 (KHTML, like Gecko) Chrome/90.0.4430.72 Safari/537.36','1','0','2021-04-26 09:39:22','93dd8a43c1c5e5c888408db42d4c8870','sys_user','2','0',NULL,'2021-04-26 09:39:22',NULL,'2021-04-26 09:39:22',NULL,NULL), ('711','192.168.155.140','Mozilla/5.0 (Windows NT 10.0; Win64; x64) AppleWebKit/537.36 (KHTML, like Gecko) Chrome/90.0.4430.93 Safari/537.36','1','0','2021-05-04 12:57:45','129e693c177ffd198736cd5ea0231b7f','sys_user','1','0',NULL,'2021-05-04 12:57:45',NULL,'2021-05-04 12:57:45',NULL,NULL), ('712','192.168.155.140','Mozilla/5.0 (Windows NT 10.0; Win64; x64) AppleWebKit/537.36 (KHTML, like Gecko) Chrome/90.0.4430.93 Safari/537.36','1','0','2021-05-05 10:29:10','e75602dd99265af04316c4f002c50e9b','sys_user','1','0',NULL,'2021-05-05 10:29:10',NULL,'2021-05-05 10:29:10',NULL,NULL), ('713','::1','Mozilla/5.0 (Windows NT 10.0; Win64; x64) AppleWebKit/537.36 (KHTML, like Gecko) Chrome/90.0.4430.93 Safari/537.36','1','0','2021-05-07 16:00:59','hutom8u1vk7l6a97t2c3v77a1g','sys_user','4','0',NULL,'2021-05-07 16:00:59',NULL,'2021-05-07 16:00:59',NULL,NULL), ('714','::1','Mozilla/5.0 (Windows NT 10.0; Win64; x64) AppleWebKit/537.36 (KHTML, like Gecko) Chrome/90.0.4430.93 Safari/537.36','1','0','2021-05-10 11:26:21','vi2krfihr72301mkhrushg62ve','sys_user','4','0',NULL,'2021-05-10 11:26:21',NULL,'2021-05-10 11:26:21',NULL,NULL), ('715','::1','Mozilla/5.0 (Windows NT 10.0; Win64; x64) AppleWebKit/537.36 (KHTML, like Gecko) Chrome/90.0.4430.93 Safari/537.36','1','0','2021-05-10 14:23:16','9ejhvs9g48p7pvn2hkdaem9nt6','sys_user','4','0',NULL,'2021-05-10 14:23:16',NULL,'2021-05-10 14:23:16',NULL,NULL), ('716','::1','Mozilla/5.0 (Windows NT 10.0; Win64; x64) AppleWebKit/537.36 (KHTML, like Gecko) Chrome/90.0.4430.93 Safari/537.36','1','0','2021-05-10 16:24:00','fjnnc3nejoia1hd1jvk7l3dk0u','sys_user','4','0',NULL,'2021-05-10 16:24:00',NULL,'2021-05-10 16:24:00',NULL,NULL), ('717','::1','Mozilla/5.0 (Windows NT 10.0; Win64; x64) AppleWebKit/537.36 (KHTML, like Gecko) Chrome/90.0.4430.93 Safari/537.36','1','0','2021-05-10 17:57:08','p0cuesm4aqqc62g8i3vs2g3ccu','sys_user','4','0',NULL,'2021-05-10 17:57:08',NULL,'2021-05-10 17:57:08',NULL,NULL), ('718','::1','Mozilla/5.0 (Windows NT 10.0; Win64; x64) AppleWebKit/537.36 (KHTML, like Gecko) Chrome/90.0.4430.93 Safari/537.36','1','0','2021-05-11 09:11:37','uomnrkt5cmns1c4udr87tirdao','sys_user','4','0',NULL,'2021-05-11 09:11:37',NULL,'2021-05-11 09:11:37',NULL,NULL), ('719','::1','Mozilla/5.0 (Windows NT 10.0; Win64; x64) AppleWebKit/537.36 (KHTML, like Gecko) Chrome/90.0.4430.93 Safari/537.36','1','0','2021-05-11 11:09:00','gd4sf5jq8orff9tnv7bep2p830','sys_user','4','0',NULL,'2021-05-11 11:09:00',NULL,'2021-05-11 11:09:00',NULL,NULL), ('720','::1','Mozilla/5.0 (Windows NT 10.0; Win64; x64) AppleWebKit/537.36 (KHTML, like Gecko) Chrome/90.0.4430.93 Safari/537.36','1','0','2021-05-11 13:09:22','sq2jjael8pqsmevk189er0ijj6','sys_user','4','0',NULL,'2021-05-11 13:09:22',NULL,'2021-05-11 13:09:22',NULL,NULL), ('721','::1','Mozilla/5.0 (Windows NT 10.0; Win64; x64) AppleWebKit/537.36 (KHTML, like Gecko) Chrome/90.0.4430.93 Safari/537.36','1','0','2021-05-11 15:48:55','cm723c9cgjp5cp9bsrtc8lga37','sys_user','4','0',NULL,'2021-05-11 15:48:55',NULL,'2021-05-11 15:48:55',NULL,NULL), ('722','::1','Mozilla/5.0 (Windows NT 10.0; Win64; x64) AppleWebKit/537.36 (KHTML, like Gecko) Chrome/90.0.4430.93 Safari/537.36','1','0','2021-05-11 17:58:37','ua9l5uchhs40bcdeqjavtl8ek9','sys_user','4','0',NULL,'2021-05-11 17:58:37',NULL,'2021-05-11 17:58:37',NULL,NULL), ('723','::1','Mozilla/5.0 (Windows NT 10.0; Win64; x64) AppleWebKit/537.36 (KHTML, like Gecko) Chrome/90.0.4430.93 Safari/537.36','1','0','2021-05-12 09:21:40','r2158ld9lh5bsm0uhftctsgt6i','sys_user','4','0',NULL,'2021-05-12 09:21:40',NULL,'2021-05-12 09:21:40',NULL,NULL), ('724','::1','Mozilla/5.0 (Windows NT 10.0; Win64; x64) AppleWebKit/537.36 (KHTML, like Gecko) Chrome/90.0.4430.93 Safari/537.36','1','0','2021-05-12 11:22:11','4qjo0ab128f401f4v0mvodns57','sys_user','4','0',NULL,'2021-05-12 11:22:11',NULL,'2021-05-12 11:22:11',NULL,NULL), ('725','::1','Mozilla/5.0 (Windows NT 10.0; Win64; x64) AppleWebKit/537.36 (KHTML, like Gecko) Chrome/90.0.4430.93 Safari/537.36','1','0','2021-05-12 14:28:45','mktrqa1jk6nm46sgdbpll9c3sk','sys_user','4','0',NULL,'2021-05-12 14:28:45',NULL,'2021-05-12 14:28:45',NULL,NULL), ('726','::1','Mozilla/5.0 (Windows NT 10.0; Win64; x64) AppleWebKit/537.36 (KHTML, like Gecko) Chrome/90.0.4430.93 Safari/537.36','0','1','2021-05-12 16:33:42','fbb88oo002rtrr9d2tdblvlbk4','sys_user','admin2','0',NULL,'2021-05-12 16:33:42',NULL,'2021-05-12 16:33:42',NULL,NULL), ('727','::1','Mozilla/5.0 (Windows NT 10.0; Win64; x64) AppleWebKit/537.36 (KHTML, like Gecko) Chrome/90.0.4430.93 Safari/537.36','0','1','2021-05-12 16:33:50','fbb88oo002rtrr9d2tdblvlbk4','sys_user','admin2','0',NULL,'2021-05-12 16:33:50',NULL,'2021-05-12 16:33:50',NULL,NULL), ('728','::1','Mozilla/5.0 (Windows NT 10.0; Win64; x64) AppleWebKit/537.36 (KHTML, like Gecko) Chrome/90.0.4430.93 Safari/537.36','1','0','2021-05-12 16:34:06','fbb88oo002rtrr9d2tdblvlbk4','sys_user','4','0',NULL,'2021-05-12 16:34:06',NULL,'2021-05-12 16:34:06',NULL,NULL), ('729','::1','Mozilla/5.0 (Windows NT 10.0; Win64; x64) AppleWebKit/537.36 (KHTML, like Gecko) Chrome/90.0.4430.93 Safari/537.36','1','0','2021-05-13 09:17:07','nlfnthotbo0r2i8vb57qv8l5up','sys_user','4','0',NULL,'2021-05-13 09:17:07',NULL,'2021-05-13 09:17:07',NULL,NULL), ('730','::1','Mozilla/5.0 (Windows NT 10.0; Win64; x64) AppleWebKit/537.36 (KHTML, like Gecko) Chrome/90.0.4430.93 Safari/537.36','1','0','2021-05-13 11:32:40','n8g1qe9uov69pmsoh9e3nuki1b','sys_user','4','0',NULL,'2021-05-13 11:32:40',NULL,'2021-05-13 11:32:40',NULL,NULL), ('731','::1','Mozilla/5.0 (Windows NT 10.0; Win64; x64) AppleWebKit/537.36 (KHTML, like Gecko) Chrome/90.0.4430.93 Safari/537.36','1','0','2021-05-13 14:06:46','oglqs4mf150lqnishshb5m5u5h','sys_user','4','0',NULL,'2021-05-13 14:06:46',NULL,'2021-05-13 14:06:46',NULL,NULL), ('732','::1','Mozilla/5.0 (Windows NT 10.0; Win64; x64) AppleWebKit/537.36 (KHTML, like Gecko) Chrome/90.0.4430.93 Safari/537.36','1','0','2021-05-13 16:12:38','55f9r79cq580348sihp146u384','sys_user','4','0',NULL,'2021-05-13 16:12:38',NULL,'2021-05-13 16:12:38',NULL,NULL), ('733','::1','Mozilla/5.0 (Windows NT 10.0; Win64; x64) AppleWebKit/537.36 (KHTML, like Gecko) Chrome/90.0.4430.93 Safari/537.36','1','0','2021-05-14 09:09:56','u0ppdkakd1rj9ftccebtbsnr7m','sys_user','4','0',NULL,'2021-05-14 09:09:56',NULL,'2021-05-14 09:09:56',NULL,NULL), ('734','::1','Mozilla/5.0 (Windows NT 10.0; Win64; x64) AppleWebKit/537.36 (KHTML, like Gecko) Chrome/90.0.4430.93 Safari/537.36','1','0','2021-05-14 11:09:02','dh1fisk53f9mpvrgqaad4br29k','sys_user','4','0',NULL,'2021-05-14 11:09:02',NULL,'2021-05-14 11:09:02',NULL,NULL), ('735','::1','Mozilla/5.0 (Windows NT 10.0; Win64; x64) AppleWebKit/537.36 (KHTML, like Gecko) Chrome/90.0.4430.93 Safari/537.36','1','0','2021-05-14 14:20:27','n70iico0h1rpeptvds74spf2io','sys_user','4','0',NULL,'2021-05-14 14:20:27',NULL,'2021-05-14 14:20:27',NULL,NULL), ('736','::1','Mozilla/5.0 (Windows NT 10.0; Win64; x64) AppleWebKit/537.36 (KHTML, like Gecko) Chrome/90.0.4430.93 Safari/537.36','1','0','2021-05-14 17:38:38','9b5cuj5cp6eiqb0tcrf364qb4d','sys_user','4','0',NULL,'2021-05-14 17:38:38',NULL,'2021-05-14 17:38:38',NULL,NULL), ('737','::1','Mozilla/5.0 (Windows NT 10.0; Win64; x64) AppleWebKit/537.36 (KHTML, like Gecko) Chrome/90.0.4430.212 Safari/537.36','1','0','2021-05-17 09:07:35','s5e2qfr5nugsdl8i3v0caff6g2','sys_user','4','0',NULL,'2021-05-17 09:07:35',NULL,'2021-05-17 09:07:35',NULL,NULL), ('738','::1','Mozilla/5.0 (Windows NT 10.0; Win64; x64) AppleWebKit/537.36 (KHTML, like Gecko) Chrome/90.0.4430.212 Safari/537.36','1','0','2021-05-17 11:22:33','cti8bafcbm2a50emes1fonk5i2','sys_user','4','0',NULL,'2021-05-17 11:22:33',NULL,'2021-05-17 11:22:33',NULL,NULL), ('739','::1','Mozilla/5.0 (Windows NT 10.0; Win64; x64) AppleWebKit/537.36 (KHTML, like Gecko) Chrome/90.0.4430.212 Safari/537.36','1','0','2021-05-17 14:41:52','2j6u2h3j4t01virpj63q9bq2eo','sys_user','4','0',NULL,'2021-05-17 14:41:52',NULL,'2021-05-17 14:41:52',NULL,NULL), ('740','::1','Mozilla/5.0 (Windows NT 10.0; Win64; x64) AppleWebKit/537.36 (KHTML, like Gecko) Chrome/90.0.4430.212 Safari/537.36','1','0','2021-05-17 16:44:21','83ptp4fuv4re9uclqhmi1ad1gf','sys_user','4','0',NULL,'2021-05-17 16:44:21',NULL,'2021-05-17 16:44:21',NULL,NULL), ('741','::1','Mozilla/5.0 (Windows NT 10.0; Win64; x64) AppleWebKit/537.36 (KHTML, like Gecko) Chrome/90.0.4430.212 Safari/537.36','1','0','2021-05-18 09:37:18','c9dlp5i7kjs3kgh4acb7v0k9h9','sys_user','4','0',NULL,'2021-05-18 09:37:18',NULL,'2021-05-18 09:37:18',NULL,NULL), ('742','::1','Mozilla/5.0 (Windows NT 10.0; Win64; x64) AppleWebKit/537.36 (KHTML, like Gecko) Chrome/90.0.4430.212 Safari/537.36','1','0','2021-05-18 11:13:56','vto9hjr4rfsr9enh25glkufgrt','sys_user','4','0',NULL,'2021-05-18 11:13:56',NULL,'2021-05-18 11:13:56',NULL,NULL), ('743','::1','Mozilla/5.0 (Windows NT 10.0; Win64; x64) AppleWebKit/537.36 (KHTML, like Gecko) Chrome/90.0.4430.212 Safari/537.36','1','0','2021-05-18 14:28:41','r78pbcclpei9gstoeribgmedf0','sys_user','4','0',NULL,'2021-05-18 14:28:41',NULL,'2021-05-18 14:28:41',NULL,NULL), ('744','::1','Mozilla/5.0 (Windows NT 10.0; Win64; x64) AppleWebKit/537.36 (KHTML, like Gecko) Chrome/90.0.4430.212 Safari/537.36','1','0','2021-05-18 16:28:53','sn6gepe5dt5g2finuphtfrfj22','sys_user','4','0',NULL,'2021-05-18 16:28:53',NULL,'2021-05-18 16:28:53',NULL,NULL), ('745','::1','Mozilla/5.0 (Windows NT 10.0; Win64; x64) AppleWebKit/537.36 (KHTML, like Gecko) Chrome/90.0.4430.212 Safari/537.36','1','0','2021-05-20 09:07:48','aralan9j5kdq3tov0f5thiqtk9','sys_user','4','0',NULL,'2021-05-20 09:07:48',NULL,'2021-05-20 09:07:48',NULL,NULL), ('746','::1','Mozilla/5.0 (Windows NT 10.0; Win64; x64) AppleWebKit/537.36 (KHTML, like Gecko) Chrome/90.0.4430.212 Safari/537.36','1','0','2021-05-20 11:06:41','9bcpbd1g0a9tt3ol0rgsq5401b','sys_user','4','0',NULL,'2021-05-20 11:06:41',NULL,'2021-05-20 11:06:41',NULL,NULL), ('747','::1','Mozilla/5.0 (Windows NT 10.0; Win64; x64) AppleWebKit/537.36 (KHTML, like Gecko) Chrome/90.0.4430.212 Safari/537.36','1','0','2021-05-20 14:27:51','3ofghtdkc1on8t553d56gk9sgj','sys_user','4','0',NULL,'2021-05-20 14:27:51',NULL,'2021-05-20 14:27:51',NULL,NULL), ('748','::1','Mozilla/5.0 (Windows NT 10.0; Win64; x64) AppleWebKit/537.36 (KHTML, like Gecko) Chrome/90.0.4430.212 Safari/537.36','1','0','2021-05-20 16:30:52','ujod0r8pgg38pd0rhq1q2ccjdi','sys_user','4','0',NULL,'2021-05-20 16:30:52',NULL,'2021-05-20 16:30:52',NULL,NULL), ('749','::1','Mozilla/5.0 (Windows NT 10.0; Win64; x64) AppleWebKit/537.36 (KHTML, like Gecko) Chrome/90.0.4430.212 Safari/537.36','1','0','2021-05-21 10:27:43','9v34rbs348bbht79tr2t33fjin','sys_user','4','0',NULL,'2021-05-21 10:27:43',NULL,'2021-05-21 10:27:43',NULL,NULL), ('750','::1','Mozilla/5.0 (Windows NT 10.0; Win64; x64) AppleWebKit/537.36 (KHTML, like Gecko) Chrome/90.0.4430.212 Safari/537.36','1','0','2021-05-21 12:29:01','3seosa6h1iamhcq6jhifsgg0cv','sys_user','4','0',NULL,'2021-05-21 12:29:01',NULL,'2021-05-21 12:29:01',NULL,NULL), ('751','::1','Mozilla/5.0 (Windows NT 10.0; Win64; x64) AppleWebKit/537.36 (KHTML, like Gecko) Chrome/90.0.4430.212 Safari/537.36','1','0','2021-05-21 14:56:27','f3g69f4i2pevldo5vntifngdj0','sys_user','4','0',NULL,'2021-05-21 14:56:27',NULL,'2021-05-21 14:56:27',NULL,NULL), ('752','::1','Mozilla/5.0 (Windows NT 10.0; Win64; x64) AppleWebKit/537.36 (KHTML, like Gecko) Chrome/90.0.4430.212 Safari/537.36','1','0','2021-05-21 16:54:23','nhba2e7hec8ob7393ehojj012c','sys_user','4','0',NULL,'2021-05-21 16:54:23',NULL,'2021-05-21 16:54:23',NULL,NULL), ('753','::1','Mozilla/5.0 (Windows NT 10.0; Win64; x64) AppleWebKit/537.36 (KHTML, like Gecko) Chrome/90.0.4430.212 Safari/537.36','1','0','2021-05-24 09:09:38','nkpqmvhu3f8jr8ht523scje1ks','sys_user','4','0',NULL,'2021-05-24 09:09:38',NULL,'2021-05-24 09:09:38',NULL,NULL), ('754','::1','Mozilla/5.0 (Windows NT 10.0; Win64; x64) AppleWebKit/537.36 (KHTML, like Gecko) Chrome/90.0.4430.212 Safari/537.36','1','0','2021-05-24 11:26:19','3eta5bq0u9a75utsu47l46p3aq','sys_user','4','0',NULL,'2021-05-24 11:26:19',NULL,'2021-05-24 11:26:19',NULL,NULL), ('755','::1','Mozilla/5.0 (Windows NT 10.0; Win64; x64) AppleWebKit/537.36 (KHTML, like Gecko) Chrome/90.0.4430.212 Safari/537.36','1','0','2021-05-24 14:16:18','e0krnto4kffud1bs45sai0hnb7','sys_user','4','0',NULL,'2021-05-24 14:16:18',NULL,'2021-05-24 14:16:18',NULL,NULL), ('756','::1','Mozilla/5.0 (Windows NT 10.0; Win64; x64) AppleWebKit/537.36 (KHTML, like Gecko) Chrome/90.0.4430.212 Safari/537.36','1','0','2021-05-24 16:20:48','ac1h4vauks04s1urillk73sevt','sys_user','4','0',NULL,'2021-05-24 16:20:48',NULL,'2021-05-24 16:20:48',NULL,NULL), ('757','192.168.155.53','Mozilla/5.0 (Windows NT 10.0; Win64; x64) AppleWebKit/537.36 (KHTML, like Gecko) Chrome/90.0.4430.212 Safari/537.36','1','0','2021-05-24 16:35:37','04bdaeda642efc2e56313b3dd1bd7ff3','sys_user','4','0',NULL,'2021-05-24 16:35:37',NULL,'2021-05-24 16:35:37',NULL,NULL), ('758','::1','Mozilla/5.0 (Windows NT 10.0; Win64; x64) AppleWebKit/537.36 (KHTML, like Gecko) Chrome/90.0.4430.212 Safari/537.36','1','0','2021-05-25 09:15:38','p5c0su8f9ci72c193i8266ai52','sys_user','4','0',NULL,'2021-05-25 09:15:38',NULL,'2021-05-25 09:15:38',NULL,NULL), ('759','192.168.155.112','Mozilla/5.0 (Macintosh; Intel Mac OS X 10_15_7) AppleWebKit/537.36 (KHTML, like Gecko) Chrome/90.0.4430.85 Safari/537.36','0','1','2021-05-25 09:36:52','ef943efc1d020ac44ea019775d2c5d85','sys_user','admin2','0',NULL,'2021-05-25 09:36:52',NULL,'2021-05-25 09:36:52',NULL,NULL), ('760','192.168.155.112','Mozilla/5.0 (Macintosh; Intel Mac OS X 10_15_7) AppleWebKit/537.36 (KHTML, like Gecko) Chrome/90.0.4430.85 Safari/537.36','1','0','2021-05-25 09:37:06','ef943efc1d020ac44ea019775d2c5d85','sys_user','4','0',NULL,'2021-05-25 09:37:06',NULL,'2021-05-25 09:37:06',NULL,NULL);
INSERT INTO `master_setting` VALUES ('1',NULL,NULL,NULL,NULL,NULL,NULL,'0','SMTP_HOST','smtp.mailtrap.io',NULL,NULL);
INSERT INTO `master_type_code` VALUES ('1',NULL,NULL,NULL,NULL,NULL,NULL,'1','0','LANGUAGE','en','English','1'), ('2',NULL,NULL,NULL,NULL,NULL,NULL,'1','0','LANGUAGE','tc','Traditional Chinese','2'), ('3',NULL,NULL,NULL,NULL,NULL,NULL,'1','0','LANGUAGE','sc','Simplified Chinese','3');
INSERT INTO `news` VALUES ('1','0','2017-02-17 20:51:18','1','2021-04-23 12:10:38',NULL,NULL,'2','1','0','files/test.jpg',NULL,'f6d83349391df61a08a7251fc9953c3e.png',NULL,'Beverly Hills1112alert(1)test','Beverly Hills11112 <1script>','22<img src=\"http://192.168.171.24/codeigniter/public/files/fff%26text%3Dapp_sc.png\" alt=\"fff&amp;text=app_sc.png (3 KB)\" width=\"600\" height=\"400\" />11112','2017-10-18','2018-03-07 10:27:25','2018-03-07 12:24:59'), ('2','0','2017-05-16 23:51:18',NULL,'2018-03-06 15:24:29',NULL,'2018-03-06 15:24:29','0','1','1',NULL,NULL,NULL,NULL,'112','\' \" 22','2222','2017-05-16','2017-05-16 23:43:00',NULL), ('3','0','2017-05-16 23:52:10','2','2021-04-26 09:41:30','1','2021-04-20 12:37:39','0','1','0',NULL,NULL,NULL,NULL,'11','22',NULL,'2017-05-16','2017-05-16 23:51:00',NULL), ('4','0','2017-05-16 23:53:09','1','2021-04-23 12:10:38',NULL,NULL,'1','0','0',NULL,NULL,NULL,NULL,'11','22',NULL,'2017-05-16','2017-05-16 23:53:00',NULL), ('5','0','2017-05-16 23:56:32',NULL,'2018-03-06 15:32:07',NULL,'2018-03-06 15:32:07','2','1','1',NULL,NULL,NULL,NULL,'11','22',NULL,'2017-05-16','2017-05-16 23:54:00',NULL), ('6','0','2017-11-04 00:16:25',NULL,'2018-03-27 15:54:12','1','2018-03-27 15:54:12','2','1','1',NULL,NULL,NULL,NULL,'123','123','123','2017-11-04','2017-11-04 00:16:00',NULL), ('7',NULL,'2018-03-07 09:34:24',NULL,'2018-03-07 12:23:32',NULL,'2018-03-07 12:23:32','0','1','1',NULL,NULL,NULL,NULL,'11','111','111','0000-00-00','0000-00-00 00:00:00','0000-00-00 00:00:00'), ('8','1','2021-04-22 16:17:18','1','2021-04-23 12:10:38',NULL,NULL,'10','1','0','files/9dd3ea020b269871065d8560cedd45db.jpg',NULL,NULL,NULL,'trhtrh','','','2020-11-01','2021-04-17 12:00:00','2021-04-24 12:00:00'), ('9','1','2021-04-22 16:20:37','1','2021-04-23 12:10:38',NULL,NULL,'21','1','0','files/9dd3ea020b269871065d8560cedd45db.jpg','649f2ec9084d512a1c08462b723c206f.pdf',NULL,NULL,'trhtrh','','','2020-11-01','2021-04-17 12:00:00','2021-04-24 12:00:00'), ('10','1','2021-04-22 16:24:51','1','2021-04-22 16:24:51',NULL,NULL,NULL,'1','1','files/9dd3ea020b269871065d8560cedd45db.jpg','c115d6b1fa8d5ee8e88bfefc602cedd0.png',NULL,NULL,'trhtrh','','','2020-11-01','2021-04-17 12:00:00','2021-04-24 12:00:00'), ('11','1','2021-04-22 16:26:53','1','2021-04-22 16:26:53',NULL,NULL,NULL,'1','1','files/9dd3ea020b269871065d8560cedd45db.jpg','16b70a298600410be8d2a3f24b663b05.png',NULL,NULL,'trhtrh','','','2020-11-01','2021-04-17 12:00:00','2021-04-24 12:00:00'), ('12','1','2021-04-22 16:27:33','1','2021-04-22 16:27:33',NULL,NULL,NULL,'1','1','files/9dd3ea020b269871065d8560cedd45db.jpg','99ddae84da4187fba8c172cb709c63f7.png',NULL,NULL,'trhtrh','','','2020-11-01','2021-04-17 12:00:00','2021-04-24 12:00:00'), ('13','1','2021-04-22 16:38:41','1','2021-04-22 16:38:41',NULL,NULL,NULL,'1','1','files/9dd3ea020b269871065d8560cedd45db.jpg','C:/xampp/htdocs/codeigniter/assets/files/news_ajax/c6e7e4d8534f6e05d5ca5047f20fd951.png',NULL,NULL,'trhtrh','','','2020-11-01','2021-04-17 12:00:00','2021-04-24 12:00:00'), ('14','1','2021-04-22 16:47:57','1','2021-04-22 16:47:57',NULL,NULL,NULL,'1','1','files/9dd3ea020b269871065d8560cedd45db.jpg','files/news_ajax/ad809337dd6cf33a58935484a33b9caa.png',NULL,NULL,'trhtrh','','','2020-11-01','2021-04-17 12:00:00','2021-04-24 12:00:00'), ('15','1','2021-04-22 17:18:21','1','2021-04-22 17:18:21',NULL,NULL,NULL,'1','1','files/55744ca94e1e288b36ceeff1dd893ed0.jpg',NULL,'files/news_ajax/de283cc3e6e944deda8de929ac9bee0e.pdf',NULL,'gfewf','','','2021-04-02','2021-04-10 12:00:00','2021-04-10 12:00:00'), ('16','1','2021-04-22 17:18:50','1','2021-04-22 17:18:50',NULL,NULL,NULL,'1','1','files/55744ca94e1e288b36ceeff1dd893ed0.jpg',NULL,'files/news_ajax/d9e4d98161bb85389e669e2131e52cbb.pdf',NULL,'gfewf','','','2021-04-02','2021-04-10 12:00:00','2021-04-10 12:00:00'), ('17','1','2021-04-22 17:19:35','1','2021-04-22 17:19:35',NULL,NULL,NULL,'1','1','files/55744ca94e1e288b36ceeff1dd893ed0.jpg',NULL,'files/news_ajax/a6d0ad972a9a9ca9456110294912e27e.png',NULL,'gfewf','','','2021-04-02','2021-04-10 12:00:00','2021-04-10 12:00:00'), ('18','1','2021-04-22 17:20:50','2','2021-04-26 09:41:45',NULL,NULL,'0','1','0','files/9dd3ea020b269871065d8560cedd45db.jpg','files/news_ajax/7360d61bf258a61abb6de201a5131cf0.png','files/news_ajax/f411f277f519f17d8a850e9910289d80.png',NULL,'test ajax form','11tt','22tt','2021-04-28','2021-04-30 12:00:00','2021-04-30 12:00:00'), ('19','1','2021-04-22 17:24:38','1','2021-04-22 17:24:38',NULL,NULL,NULL,'1','1','files/55744ca94e1e288b36ceeff1dd893ed0.jpg','files/news_ajax/06638cdb40bb6bfcbe17e1a2eddcc75c.png','files/news_ajax/5c9e9d5c2c83484ab87cf7bacaa2bb25.png',NULL,'gfewf','','','2021-04-02','2021-04-10 12:00:00','2021-04-10 12:00:00'), ('20','1','2021-04-22 17:24:40','1','2021-04-22 17:24:40',NULL,NULL,NULL,'1','1','files/55744ca94e1e288b36ceeff1dd893ed0.jpg','files/news_ajax/3951999332bae530a436a4b1a0a3ac30.png','files/news_ajax/60c5aa8e58350b984f4d55d49000d001.png',NULL,'gfewf','','','2021-04-02','2021-04-10 12:00:00','2021-04-10 12:00:00'), ('21','1','2021-04-23 11:54:33','1','2021-04-23 12:11:50','1','2021-04-23 12:11:50','0','1','1','files/9dd3ea020b269871065d8560cedd45db.jpg','files/news_ajax/1a7421ffe80b95f43371ae8828c07303.png',NULL,NULL,'1','2','3','2020-11-01','2021-04-24 12:00:00','2021-04-17 12:00:00');
INSERT INTO `news2` VALUES ('1','1','2018-11-14 15:25:35','4','2020-05-25 17:38:17',NULL,NULL,'1','0','2018-10-18 04:00:00','test','test','440cf935702b8962969950b8a2d0be97.jpg','617890fb158d889c6a43f39499bc2550.jpg',NULL,NULL,'','','d6bb98e9acd2a84f8533001b2630f1e9.ed','pdf','Testing PDF file'), ('2','1','2018-11-14 15:25:35','1','2021-03-08 15:02:10',NULL,'0000-00-00 00:00:00','1','0','2018-10-18 04:00:00','test2','test2','440cf935702b8962969950b8a2d0be97.jpg','617890fb158d889c6a43f39499bc2550.jpg','','','','','edb9db5aaf650039e29748a54d6d4148.ed',NULL,NULL), ('3','4','2020-05-22 14:06:21','4','2020-08-06 09:38:11',NULL,NULL,'1','0','2020-05-21 12:00:00','testing2test222','test5','35b8fa01da47bbc2c1faf33a55e28864.png','4022aa6e89903b0999b8df9c47369f28.PNG',NULL,NULL,'','','952989142974f9935528b2e379412587.ed',NULL,NULL);
INSERT INTO `news_photo` VALUES ('1',NULL,'2018-05-18 15:19:51',NULL,'2018-06-21 14:34:12',NULL,NULL,NULL,'1','1','1','55744ca94e1e288b36ceeff1dd893ed0.jpg'), ('2',NULL,'2018-05-18 15:19:51',NULL,'2018-06-21 09:28:16',NULL,NULL,NULL,'1','1','1','9dd3ea020b269871065d8560cedd45db.jpg'), ('3',NULL,'2018-06-21 09:32:04',NULL,'2018-07-27 15:50:42',NULL,NULL,NULL,'1','1','1','935a54d6830219948c0b4ee728bb47bf.jpg'), ('4',NULL,'2018-07-27 15:50:48',NULL,'2018-07-27 15:50:53',NULL,NULL,NULL,'1','1','1','c8960df46261555b434492a5cd73fa5e.png'), ('5',NULL,'2018-07-27 15:50:48',NULL,'2018-07-27 15:50:55',NULL,NULL,NULL,'1','1','1','80d166a89155bc862d23c27585c06928.jpg'), ('6',NULL,'2018-07-27 16:33:42',NULL,'2018-07-27 16:33:56',NULL,NULL,NULL,'1','1','1','f98313eedb2779b86004dbc1c69940ed.png'), ('7',NULL,'2018-07-27 16:33:42',NULL,'2018-07-27 16:33:58',NULL,NULL,NULL,'1','1','1','e3a58b8331c1d6c4486c97b305aa5752.jpg'), ('8',NULL,'2018-10-10 16:06:06',NULL,'2018-10-10 16:06:19',NULL,NULL,NULL,'1','1','1','4667703a48d89ff1b0cd0d94fad51442.jpg'), ('9',NULL,'2018-10-10 16:06:06',NULL,'2018-10-10 16:06:06',NULL,NULL,NULL,'1','0','1','298d9e0da25fb9c6888e1ef10b5ad1df.jpg'), ('10',NULL,'2018-10-10 16:06:06',NULL,'2018-10-10 16:24:02',NULL,NULL,NULL,'1','1','1','9fa0eae4a3210c5de5deae175af88909.jpg'), ('11',NULL,'2018-10-10 16:23:54',NULL,'2018-10-10 16:23:54',NULL,NULL,NULL,'1','0','1','b8e94c2343687fdb0a5e04118a11b38d.jpg'), ('12',NULL,'2018-10-10 16:23:54',NULL,'2018-10-10 16:24:05',NULL,NULL,NULL,'1','1','1','4729cb074e73891eaf5fd6e1be865a68.jpg'), ('13',NULL,'2018-10-10 16:23:54',NULL,'2018-10-10 16:23:54',NULL,NULL,NULL,'1','0','1','54e32c68b2d38aad876ecf449178f91c.jpg');
INSERT INTO `phprbac_permissions` VALUES ('1','0','33','root','root'), ('2','1','2','create_sys_user','Can create sys_user'), ('3','3','4','update_sys_user','Can update sys_user'), ('4','5','6','delete_sys_user','Can delete sys_user'), ('5','7','8','view_sys_user','Can view sys_user'), ('6','9','10','create_news_ajax','Can create news_ajax'), ('7','11','12','update_news_ajax','Can update news_ajax'), ('8','13','14','delete_news_ajax','Can delete news_ajax'), ('9','15','16','view_news_ajax','Can view news_ajax'), ('10','17','18','create_news2','Can create news2'), ('11','19','20','update_news2','Can update news2'), ('12','21','22','delete_news2','Can delete news2'), ('13','23','24','view_news2','Can view news2'), ('14','25','26','create_news','Can create news'), ('15','27','28','update_news','Can update news'), ('16','29','30','delete_news','Can delete news'), ('17','31','32','view_news','Can view news');
INSERT INTO `phprbac_rolepermissions` VALUES ('1','1','1618888099'), ('2','2','1618888099'), ('2','3','1618888099'), ('2','4','1618888099'), ('2','5','1618888099'), ('2','6','1618888099'), ('2','7','1618888099'), ('2','8','1618888099'), ('2','9','1618888099'), ('2','10','1618888099'), ('2','11','1618888099'), ('2','12','1618888099'), ('2','13','1618888099'), ('2','14','1618888099'), ('2','15','1618888099'), ('2','16','1618888099'), ('2','17','1618888099'), ('3','2','1618888099'), ('3','3','1618888099'), ('3','4','1618888099'), ('3','5','1618888099'), ('3','6','1618888099'), ('3','7','1618888099'), ('3','8','1618888099'), ('3','9','1618888099'), ('3','10','1618888099'), ('3','11','1618888099'), ('3','12','1618888099'), ('3','13','1618888099'), ('3','14','1618888099'), ('3','15','1618888099'), ('3','16','1618888099'), ('3','17','1618888099'), ('4','9','1618888099'), ('4','13','1618888099'), ('4','17','1618888099');
INSERT INTO `phprbac_roles` VALUES ('1','0','7','root','root',NULL,'0',NULL), ('2','1','2','super_admin','Super Admin Account','1','0','2021-04-20 11:08:19'), ('3','3','4','admin','Admin Account','2','0','2021-04-20 11:08:19'), ('4','5','6','user','User Account','3','0','2021-04-20 11:08:19');
INSERT INTO `phprbac_userroles` VALUES ('1','1','1618888099'), ('1','2','1618888099'), ('2','3','1618888099'), ('3','4','1618888099'), ('4','3','1618888099'), ('8','4','1618888099'), ('9','3','1618888099');
INSERT INTO `site_info` VALUES ('1','1','2015-04-07 00:19:35','1','2015-04-07 00:19:38','0','logo.png','One Solution','One Solution',NULL,'One Solution',NULL,NULL,'One Solution',NULL,NULL,'','',NULL,'http://192.168.171.24/codeigniter/',' 2018 One Solution All Rights Reserved.',NULL,NULL,NULL);
INSERT INTO `sys_user` VALUES ('1','0','skyadmin','Super Admin','5489d3f0ebaa7e570e0a0ebb18ee40fcd0c8e323d54f2a59dbe091e4502b9fe5','super_admin','1','1',NULL,NULL,'1','2018-05-15 15:57:44',NULL,NULL), ('2','0','admin','Admin','76f8317098c16053faa33b163298b6e2aae300d1ffc56b3ed2ff2292bd1baaec','admin','2','1',NULL,NULL,'1','2021-04-23 12:52:45',NULL,NULL), ('3','0','user','User','6718e2bc465ece216f3d638fd7b2847bc7b2d3ca0bb6536855da71aeb452a19a','user','3','1',NULL,NULL,'1','2018-08-07 11:32:38','1','2018-03-08 14:07:03'), ('4','0','admin2','Admin 2','76f8317098c16053faa33b163298b6e2aae300d1ffc56b3ed2ff2292bd1baaec','admin','2','1',NULL,NULL,'1','2020-05-19 14:31:25',NULL,NULL), ('8','0','test12','test12','2c6f48ef877fb19df8a3e5a183d484072ba5214724fc27e8ea88fe55f9eb05cf','user','3','1','1','2018-03-08 17:13:46','2','2018-04-12 17:01:06',NULL,NULL), ('9','0','admin','admin','f39cc6db052a72fd22347eaf06ea828be08e0c5ecdb00c2410ad86a3bddad559','admin','2','1','1','2018-07-18 09:42:06','1','2018-07-18 09:42:06',NULL,NULL);
